,1,2,3,4,5,6,7,8,9,10,11,12,13,14,15,16,17,18,19,20,21,22,23,24,25,26,27,28,29,30,31,32,33,34,35,36,37,38,39,40,41,42,43,44,45,46,47,48,49,50,51,52,53,54,55,56,57,58,59,60,61,62,63,64,65,66,67,68,69,70,71,72,73,74,75,76,77,78,79,80,81,82,83,84,85
0,l,l,l,r,l,l,l,l,l,r,r,l,l,l,l,l,l,r,l,r,l,l,l,l,l,l,l,l,r,r,l,r,r,r,r,l,l,r,l,l,r,r,l,l,l,l,r,r,r,l,r,l,l,l,l,l,r,r,l,l,l,l,r,l,l,r,r,l,r,l,l,,,,,,,,,,,,,,
1,l,l,r,l,l,l,l,l,l,r,r,l,l,l,r,r,r,r,r,l,l,l,l,l,r,l,l,r,l,r,r,r,r,r,l,l,l,r,l,r,r,l,l,r,l,r,l,l,l,l,l,l,l,l,l,r,r,l,r,l,l,r,r,l,l,r,l,l,l,l,,,,,,,,,,,,,,,
2,l,r,l,l,l,r,l,r,l,l,r,r,l,r,r,r,r,r,r,l,l,l,l,l,l,r,r,r,r,l,r,r,l,r,r,r,r,r,l,l,l,l,l,l,r,l,r,r,r,r,r,r,l,l,l,r,l,r,l,l,l,r,l,r,l,r,r,r,l,l,,,,,,,,,,,,,,,
3,l,l,r,r,r,l,r,l,r,l,l,l,r,l,r,r,r,r,l,l,l,r,l,l,l,l,l,l,l,r,l,r,l,l,l,l,l,l,r,l,l,r,l,r,l,r,l,r,l,l,l,l,l,r,l,l,r,l,r,l,l,l,l,r,l,l,r,r,r,l,r,,,,,,,,,,,,,,
4,l,l,l,l,r,l,r,l,l,r,r,r,l,l,l,l,l,r,l,r,r,l,r,l,r,l,r,r,l,r,r,r,r,l,r,r,l,r,r,r,l,l,r,r,r,r,r,l,l,r,r,r,l,l,l,l,r,r,l,l,r,l,l,r,r,l,l,l,r,l,l,,,,,,,,,,,,,,
5,l,r,l,r,r,l,l,r,l,l,r,l,l,l,l,r,l,l,r,r,l,l,l,l,l,r,r,l,r,l,r,r,r,l,r,l,r,r,r,l,r,r,l,r,l,l,l,l,r,l,r,l,l,l,l,r,l,r,r,l,l,l,r,l,l,r,l,r,l,l,,,,,,,,,,,,,,,
6,l,l,r,l,l,l,r,l,r,r,l,l,l,r,l,l,l,l,l,l,r,r,r,l,l,l,r,l,l,r,l,r,l,l,r,l,l,l,l,l,l,l,l,r,l,l,r,l,r,r,l,l,l,l,l,l,l,l,l,r,l,l,r,r,l,r,r,r,l,l,l,,,,,,,,,,,,,,
7,l,r,r,r,r,r,r,r,l,l,l,l,r,l,r,l,r,l,r,r,r,r,r,l,l,r,r,r,r,l,r,r,r,r,r,r,r,r,r,l,r,l,r,r,r,l,r,r,r,l,l,r,r,r,r,r,r,r,r,r,r,l,r,l,l,r,l,r,r,r,r,,,,,,,,,,,,,,
8,l,l,r,r,l,l,l,r,r,l,r,r,r,r,l,r,l,r,l,r,r,l,r,r,l,r,l,r,r,l,l,r,r,l,r,l,l,r,r,r,r,r,r,r,r,r,r,l,r,l,l,r,r,r,r,l,l,r,l,r,r,l,r,r,r,r,r,l,r,l,r,,,,,,,,,,,,,,
9,r,r,l,r,l,l,l,r,l,l,r,r,r,l,r,r,r,l,r,r,l,l,r,l,l,l,l,r,r,l,l,r,l,r,l,r,r,l,l,l,r,l,l,l,l,l,r,r,l,r,l,l,r,r,l,r,l,l,r,l,l,r,r,r,r,l,l,r,l,l,,,,,,,,,,,,,,,
10,l,l,l,l,l,r,r,l,l,r,r,r,r,l,l,r,l,l,r,l,l,r,r,r,r,l,r,r,r,l,r,r,l,r,l,l,l,r,r,r,l,l,l,l,r,r,r,l,r,r,r,r,r,l,l,r,r,r,r,r,l,r,r,,,,,,,,,,,,,,,,,,,,,,
11,r,l,r,l,r,l,r,r,l,r,l,l,r,l,l,r,l,r,r,r,r,r,l,r,l,l,r,r,l,r,r,l,r,l,l,l,r,l,r,l,l,l,r,r,r,r,r,r,r,l,r,l,l,l,l,r,l,r,r,r,r,l,,,,,,,,,,,,,,,,,,,,,,,
12,r,l,l,r,l,r,r,l,l,r,l,l,l,l,l,l,r,l,l,r,l,r,l,l,l,l,l,l,l,l,l,l,l,l,l,l,l,r,l,l,r,l,l,l,l,r,r,l,l,r,l,r,l,r,l,r,r,r,l,r,l,l,,,,,,,,,,,,,,,,,,,,,,,
13,r,r,r,r,r,r,l,l,r,r,l,r,r,r,r,r,l,r,r,r,r,r,l,r,l,r,l,r,r,r,r,l,r,l,l,l,r,r,r,l,l,r,r,r,r,r,r,r,l,l,r,l,l,l,r,r,r,r,l,r,r,r,,,,,,,,,,,,,,,,,,,,,,,
14,r,l,l,r,r,l,r,r,l,l,l,l,r,l,l,l,r,l,l,l,l,l,r,r,r,l,r,r,r,l,l,r,l,l,r,r,r,r,r,r,r,r,l,l,r,l,l,l,r,l,r,l,l,l,l,l,l,l,r,l,l,r,,,,,,,,,,,,,,,,,,,,,,,
15,r,l,l,r,l,l,l,l,r,r,l,l,l,l,r,l,l,l,l,r,l,l,l,l,l,r,r,l,l,r,l,l,r,l,l,r,l,r,r,r,l,l,l,l,l,l,l,r,l,l,l,r,l,r,r,r,l,r,l,l,l,l,,,,,,,,,,,,,,,,,,,,,,,
16,r,r,r,l,r,l,l,l,r,l,l,r,l,r,l,l,l,l,l,r,l,r,r,l,r,r,l,r,l,r,r,r,r,l,r,r,l,l,l,r,r,l,l,l,r,r,l,r,l,l,l,r,l,r,r,l,r,l,r,l,l,l,,,,,,,,,,,,,,,,,,,,,,,
17,l,l,l,r,l,r,r,l,l,l,l,l,r,l,l,l,r,l,r,l,l,l,l,r,l,l,l,r,l,l,l,l,l,l,l,l,l,l,r,l,l,r,l,r,l,l,r,l,l,r,l,l,l,l,l,l,l,r,l,r,l,l,,,,,,,,,,,,,,,,,,,,,,,
18,r,l,r,r,l,l,l,r,l,r,l,l,l,r,r,r,r,r,l,r,r,l,r,r,r,r,l,r,l,r,l,r,r,r,l,l,r,l,l,r,l,l,r,r,l,r,l,r,r,l,r,r,l,l,r,l,r,r,l,l,r,r,,,,,,,,,,,,,,,,,,,,,,,
19,l,r,l,l,l,l,l,l,r,l,l,r,l,l,l,l,l,l,l,r,r,l,r,l,r,l,l,r,l,l,l,r,l,l,r,r,l,l,l,l,l,l,l,r,r,l,l,l,r,r,r,l,l,l,l,l,l,l,l,l,l,l,r,,,,,,,,,,,,,,,,,,,,,,
20,r,r,l,r,r,r,l,l,l,l,r,l,l,l,l,l,r,l,l,l,r,r,r,r,r,l,l,l,l,l,l,r,r,l,l,l,l,l,l,l,l,l,r,r,l,r,r,l,l,l,l,l,r,l,r,r,r,,,,,,,,,,,,,,,,,,,,,,,,,,,,
21,r,l,r,l,l,l,l,r,r,l,r,r,r,l,l,l,l,l,l,r,l,r,r,r,l,l,r,r,l,l,r,r,l,l,r,l,l,r,r,l,l,l,l,r,r,r,r,l,l,l,l,r,l,l,r,r,,,,,,,,,,,,,,,,,,,,,,,,,,,,,
22,r,l,l,l,r,l,r,l,l,r,l,l,l,r,l,l,l,l,l,l,l,l,l,r,l,l,l,l,l,l,l,l,l,l,l,r,l,r,l,r,l,r,r,l,l,l,l,l,l,r,l,l,l,r,l,l,,,,,,,,,,,,,,,,,,,,,,,,,,,,,
23,r,l,r,l,l,l,l,r,r,r,l,r,r,r,r,l,l,l,l,l,l,l,l,r,l,l,r,l,l,r,l,l,l,l,l,l,r,r,r,r,r,r,r,l,r,r,r,r,r,r,r,l,l,r,r,r,,,,,,,,,,,,,,,,,,,,,,,,,,,,,
24,r,l,r,l,l,l,l,l,l,l,l,r,l,r,r,l,l,r,l,l,l,l,l,r,l,r,l,l,l,l,r,l,l,l,r,l,l,r,l,l,l,l,r,l,l,l,r,l,r,l,r,l,l,r,r,l,,,,,,,,,,,,,,,,,,,,,,,,,,,,,
25,r,l,l,l,l,l,r,l,l,l,r,l,l,r,r,l,l,l,r,l,l,l,l,l,r,l,r,l,l,l,l,l,l,l,l,r,l,l,r,l,l,l,r,l,l,l,l,l,r,r,r,l,r,l,l,l,l,,,,,,,,,,,,,,,,,,,,,,,,,,,,
26,r,r,l,r,l,r,r,r,r,l,r,r,r,r,r,r,r,r,l,r,r,l,r,r,l,r,l,l,r,r,l,l,r,r,l,r,l,l,r,l,l,r,r,l,l,r,r,r,l,r,r,r,l,r,r,r,,,,,,,,,,,,,,,,,,,,,,,,,,,,,
27,r,r,l,l,l,l,r,l,l,l,l,l,l,l,l,l,l,r,l,l,l,l,l,l,l,l,l,l,l,l,l,l,l,l,l,r,l,l,r,r,l,l,l,l,l,l,l,l,l,l,r,l,l,l,l,l,l,,,,,,,,,,,,,,,,,,,,,,,,,,,,
28,l,l,l,r,l,l,l,r,l,r,r,r,l,r,r,r,l,r,l,r,l,l,r,l,l,r,r,l,r,r,r,r,l,r,r,l,l,r,r,r,l,l,l,r,l,l,r,r,r,l,l,r,l,r,l,r,,,,,,,,,,,,,,,,,,,,,,,,,,,,,
29,l,l,l,r,r,r,l,l,r,r,r,l,r,l,l,l,r,l,l,r,l,l,l,r,l,r,r,r,r,l,l,l,r,r,l,r,r,l,l,l,r,l,l,r,r,l,l,l,l,l,r,l,l,l,l,l,l,r,l,r,r,r,r,r,l,r,l,l,l,l,l,l,r,r,r,r,l,l,l,l,r,,,,
30,l,r,r,r,r,l,r,r,r,l,l,r,l,r,r,r,r,l,r,r,r,r,l,r,r,l,l,r,r,r,l,r,r,r,r,l,l,r,r,r,l,l,r,l,r,r,l,l,r,r,r,r,l,r,r,r,r,r,r,l,r,r,r,r,r,r,r,r,r,r,r,r,l,r,r,r,l,r,r,r,l,,,,
31,r,r,l,r,r,l,r,l,r,r,l,r,r,r,l,r,r,r,r,l,r,r,r,r,r,r,r,r,r,r,r,r,r,r,r,l,r,r,l,r,r,l,r,r,r,l,r,r,r,l,r,r,r,r,r,r,r,r,l,l,r,r,r,r,l,l,r,r,r,r,r,r,l,r,r,l,l,r,r,r,l,,,,
32,l,l,l,r,r,r,l,r,r,l,r,r,l,r,r,r,r,r,l,r,r,r,r,l,l,r,r,r,r,r,r,r,r,r,l,r,r,l,r,r,l,r,l,r,l,r,l,r,l,l,r,r,r,r,l,r,r,r,l,r,l,r,r,r,r,r,l,r,r,r,l,r,r,r,r,r,r,r,r,r,l,,,,
33,l,l,r,l,r,r,r,r,r,r,r,r,r,r,l,r,r,r,r,l,r,l,r,r,r,r,r,r,r,r,l,r,r,r,r,l,l,r,r,l,r,l,r,r,r,r,r,r,l,l,r,r,l,r,r,r,r,r,r,r,r,r,r,r,l,r,r,l,r,r,l,l,r,r,r,r,r,r,r,r,l,,,,
34,l,l,r,l,l,l,l,l,l,l,r,l,r,l,l,l,l,l,l,r,l,l,l,l,l,r,l,l,l,l,r,r,l,l,l,l,l,l,l,l,l,r,l,r,l,l,l,l,r,l,l,r,l,l,r,l,r,l,l,r,l,l,l,r,l,l,l,r,l,l,l,r,l,l,r,l,l,l,l,l,l,,,,
35,l,r,l,r,r,r,r,r,r,l,r,r,r,r,l,r,r,r,l,r,r,l,r,r,l,l,r,r,r,l,l,l,r,l,r,r,l,r,r,l,r,l,l,r,r,l,r,r,l,l,r,r,l,r,l,r,r,r,l,l,r,l,l,l,l,r,r,l,l,r,r,l,r,r,r,r,l,l,l,r,l,,,,
36,l,r,r,r,l,r,r,l,r,l,l,l,l,r,r,l,r,l,l,l,r,r,r,r,l,l,r,l,r,l,r,l,l,r,r,r,l,l,r,l,l,l,l,r,l,r,l,l,r,l,l,l,l,l,l,l,l,l,l,l,l,l,l,l,l,r,l,l,r,l,l,l,r,r,r,r,l,l,l,l,l,,,,
37,l,l,r,l,r,l,l,l,r,l,l,r,l,l,r,r,r,l,l,l,l,r,r,r,l,r,l,l,l,r,r,l,r,r,r,l,l,r,r,l,l,l,r,l,l,l,l,l,r,l,l,r,l,l,l,r,l,l,l,l,l,r,l,l,l,r,l,r,l,l,l,r,l,l,l,l,r,l,l,l,r,,,,
38,r,l,r,r,l,r,l,l,l,r,l,l,l,l,l,r,r,r,l,l,r,l,l,l,r,r,l,l,l,r,l,l,r,l,l,r,r,r,l,l,l,r,r,r,r,r,l,l,l,r,l,r,l,r,l,l,l,r,l,l,l,l,l,l,l,l,l,l,l,l,l,l,r,r,r,r,r,r,l,l,,,,,
39,r,r,l,l,l,r,r,r,r,r,l,r,r,l,r,l,r,r,r,r,l,l,l,l,r,r,l,l,l,l,r,l,r,r,r,l,l,r,l,r,r,l,r,l,r,l,r,l,l,r,l,l,r,r,r,r,l,l,l,l,l,r,l,l,l,r,r,r,r,r,l,r,r,l,r,l,r,,,,,,,,
40,r,r,l,r,l,l,l,r,r,r,l,r,r,l,l,r,l,l,r,r,r,r,r,r,l,r,r,r,r,r,r,r,l,r,l,l,r,r,l,r,r,r,r,l,r,r,r,l,r,r,r,r,r,r,l,r,r,r,l,l,r,r,l,r,r,r,r,r,r,l,r,r,r,r,r,r,,,,,,,,,
41,l,l,l,r,l,l,l,l,l,l,l,r,l,l,r,l,r,l,r,l,l,r,l,l,r,l,l,r,l,l,l,l,r,r,l,l,l,l,r,l,l,l,l,l,r,l,l,r,l,l,l,l,l,l,l,l,l,l,l,l,l,r,r,l,l,l,l,l,r,l,l,r,r,l,l,l,,,,,,,,,
42,r,l,r,r,r,l,r,r,r,l,r,r,l,r,r,r,r,l,r,l,l,l,l,r,l,l,l,r,r,l,l,r,r,l,r,l,l,r,l,l,l,r,l,l,r,r,r,l,r,l,l,l,r,r,r,l,r,r,l,l,l,r,l,r,r,r,r,r,r,r,r,r,r,r,l,r,,,,,,,,,
43,r,l,r,r,l,l,r,l,r,l,l,r,r,l,l,r,r,l,r,r,l,l,r,r,r,r,l,r,r,l,l,l,r,l,r,l,r,l,r,r,r,r,r,l,l,l,r,r,l,r,r,r,l,r,r,r,r,l,r,r,r,r,r,r,r,l,r,l,r,r,r,r,l,r,l,r,,,,,,,,,
44,l,l,r,r,r,l,r,r,r,r,l,r,r,r,l,l,l,r,l,r,l,r,l,r,l,r,r,r,l,l,r,r,l,l,l,l,l,l,l,l,l,r,r,l,r,l,r,l,l,r,r,l,r,l,l,l,l,r,l,r,l,l,l,l,r,r,l,r,r,l,r,r,l,l,r,l,,,,,,,,,
45,l,r,l,r,l,l,r,r,l,r,l,l,l,r,l,r,r,r,l,l,r,r,r,l,r,l,l,r,r,r,l,r,l,r,r,r,r,l,r,r,r,r,r,r,r,l,r,r,r,l,l,r,l,r,r,r,l,l,r,r,r,r,r,r,r,l,r,r,r,r,r,l,r,r,l,r,r,,,,,,,,
46,l,r,r,r,r,l,l,l,r,r,r,l,l,r,l,r,l,l,l,r,l,l,r,r,l,l,r,l,r,r,l,r,l,l,l,l,l,l,l,l,r,l,l,l,r,r,l,r,l,r,l,r,r,r,l,l,l,l,l,l,l,l,l,r,l,l,r,l,l,l,r,l,r,l,r,l,l,,,,,,,,
47,l,l,l,r,r,r,r,l,l,l,r,l,l,r,l,l,l,r,r,l,r,l,r,r,r,r,r,r,l,l,r,r,r,l,r,l,r,r,r,l,l,r,l,r,l,r,r,r,r,r,r,r,l,r,l,l,r,r,r,r,l,r,l,r,l,l,l,r,l,r,r,l,l,r,r,r,r,,,,,,,,
48,l,r,l,r,r,r,r,r,r,l,l,r,r,l,r,r,r,r,l,l,r,l,r,r,r,r,l,l,l,r,l,l,r,r,l,l,r,r,r,r,r,l,r,r,l,r,r,r,l,l,l,l,r,r,r,r,r,r,r,r,l,l,r,r,l,l,r,r,l,r,l,r,l,l,r,l,r,,,,,,,,
49,l,r,l,r,l,r,r,l,r,r,l,l,l,l,l,l,r,r,l,l,l,r,r,r,r,r,l,r,l,l,l,r,r,l,l,l,r,r,l,r,r,r,r,l,l,r,l,l,r,r,r,l,r,r,r,r,l,l,r,r,l,,,,,,,,,,,,,,,,,,,,,,,,
50,r,r,l,r,r,r,r,r,r,r,r,r,r,r,r,r,r,r,l,r,r,r,r,r,r,l,r,r,r,r,r,r,r,r,r,r,r,r,r,r,r,r,r,r,l,r,r,r,r,r,r,r,r,r,r,l,r,r,r,r,r,,,,,,,,,,,,,,,,,,,,,,,,
51,r,r,l,l,r,l,r,r,l,l,r,r,r,r,l,l,l,r,r,l,l,l,l,l,l,r,l,r,r,r,l,r,l,r,r,r,l,r,r,r,l,r,l,l,l,l,l,l,l,r,l,r,r,r,l,l,l,l,r,r,l,,,,,,,,,,,,,,,,,,,,,,,,
52,l,l,r,l,l,l,l,r,l,l,l,l,l,l,l,l,l,r,l,l,r,l,l,l,l,l,r,l,l,r,l,l,l,l,r,l,l,l,l,r,l,r,l,l,r,l,l,l,r,r,r,l,l,l,l,l,r,r,r,l,r,,,,,,,,,,,,,,,,,,,,,,,,
53,r,r,l,l,r,r,r,r,l,r,r,r,r,r,r,l,r,r,l,l,r,r,r,r,l,l,r,l,r,r,l,r,r,r,r,r,l,r,r,r,r,l,r,l,r,r,r,r,r,l,r,r,r,r,l,r,r,r,r,r,r,,,,,,,,,,,,,,,,,,,,,,,,
54,r,l,r,r,r,l,l,l,r,l,r,r,r,r,r,r,r,r,r,l,r,r,r,l,r,r,r,r,r,r,l,l,l,r,r,l,r,r,l,r,r,l,l,l,r,r,l,r,r,r,l,r,r,l,r,r,r,r,r,r,,,,,,,,,,,,,,,,,,,,,,,,,
55,l,r,r,r,l,l,l,l,r,l,l,l,r,l,l,l,l,l,l,l,r,r,l,l,l,l,l,l,l,l,r,l,r,l,l,l,l,l,r,l,l,l,l,l,r,l,l,l,l,l,l,r,r,r,l,r,l,l,l,l,l,,,,,,,,,,,,,,,,,,,,,,,,
56,r,r,l,l,r,r,r,r,l,l,r,r,l,l,l,r,r,l,l,l,r,l,r,l,r,l,l,l,l,l,r,l,r,l,l,l,r,l,l,r,l,l,r,r,l,r,r,l,l,l,r,l,l,r,r,r,l,l,l,l,r,,,,,,,,,,,,,,,,,,,,,,,,
57,r,l,l,r,l,r,r,l,r,r,l,r,r,l,r,r,l,r,l,r,l,l,r,l,r,l,r,l,r,r,l,r,l,r,l,r,l,l,r,l,r,l,l,l,l,r,l,r,l,l,r,l,l,r,r,r,r,r,r,r,l,,,,,,,,,,,,,,,,,,,,,,,,
58,r,l,l,l,r,l,r,r,r,l,l,r,r,l,l,r,l,r,l,l,r,r,r,r,r,r,r,r,r,r,r,r,r,l,r,r,r,l,r,l,r,l,r,l,l,r,l,r,l,r,r,r,l,l,l,l,r,r,r,l,l,,,,,,,,,,,,,,,,,,,,,,,,
59,r,r,r,r,l,l,r,l,l,r,l,l,r,l,l,r,r,r,l,r,l,l,l,r,r,l,l,l,l,l,l,r,l,l,l,l,r,r,l,l,r,l,l,l,r,l,l,l,r,l,r,l,l,l,r,r,r,r,r,l,l,r,l,l,r,l,r,,,,,,,,,,,,,,,,,,
60,l,l,l,r,l,l,l,l,l,r,r,l,l,l,l,l,l,r,r,l,r,l,l,l,r,r,l,r,l,l,l,l,l,l,l,r,r,l,l,r,r,l,l,l,l,l,l,l,l,l,l,l,l,r,l,l,l,l,l,l,l,l,l,r,l,l,,,,,,,,,,,,,,,,,,,
61,l,r,l,r,r,r,r,l,r,l,l,l,r,r,r,l,r,r,l,r,r,r,r,l,r,r,r,r,r,r,l,r,r,r,r,r,r,l,l,l,l,l,l,l,r,r,r,r,r,l,l,r,r,r,l,l,r,r,r,r,r,r,l,r,l,l,l,l,,,,,,,,,,,,,,,,,
62,r,l,l,l,r,r,l,l,l,l,l,l,r,l,r,l,l,r,l,l,r,l,l,l,l,r,l,l,l,l,l,l,r,l,l,l,l,l,r,r,r,l,l,r,l,l,l,l,l,l,l,r,l,l,l,r,r,l,l,r,l,l,l,l,l,l,l,r,,,,,,,,,,,,,,,,,
63,l,r,l,l,l,l,l,l,r,r,r,r,r,r,l,l,r,r,l,l,r,r,r,r,r,l,l,r,r,r,r,r,l,l,r,r,l,r,r,r,r,l,l,r,l,l,l,l,r,r,r,l,r,l,l,r,r,l,r,l,l,l,l,r,l,r,r,,,,,,,,,,,,,,,,,,
64,r,l,l,l,l,r,l,l,r,r,l,l,r,l,r,r,r,r,l,l,l,l,r,l,l,r,l,l,l,l,r,r,r,r,l,l,l,l,l,l,l,l,l,l,l,l,r,l,r,r,l,l,l,l,r,r,l,l,l,l,l,l,r,r,l,r,r,r,,,,,,,,,,,,,,,,,
65,r,l,l,l,l,l,r,l,l,l,r,l,l,l,l,l,l,l,l,l,r,l,r,l,r,l,l,l,l,r,l,r,l,l,r,l,l,r,r,l,l,l,r,l,l,r,r,l,l,r,l,l,r,r,l,r,l,l,l,r,l,l,l,r,l,l,l,r,,,,,,,,,,,,,,,,,
66,r,r,r,r,r,l,r,l,l,l,l,l,r,l,l,l,l,l,l,r,l,l,l,r,r,l,l,r,l,r,l,r,l,l,r,r,r,r,r,r,l,l,l,l,l,l,r,l,l,l,l,r,l,r,r,l,r,l,l,l,l,l,r,l,r,r,l,,,,,,,,,,,,,,,,,,
67,l,r,r,r,l,r,r,l,r,r,r,r,r,r,r,r,r,l,r,l,l,r,r,r,r,r,r,r,r,r,r,l,l,r,r,r,r,r,l,l,r,r,r,r,r,l,r,r,r,l,r,r,l,l,r,r,l,r,l,r,r,r,r,r,r,l,r,,,,,,,,,,,,,,,,,,
68,r,l,l,l,r,r,r,l,l,l,r,l,r,l,r,r,r,r,l,r,r,l,r,r,l,l,l,l,l,l,l,l,r,l,l,l,l,l,r,l,l,r,r,r,r,r,l,r,l,r,l,r,l,l,l,l,l,l,r,r,r,r,l,r,l,l,l,r,,,,,,,,,,,,,,,,,
69,r,r,l,l,l,l,l,r,r,r,l,l,l,l,r,l,r,r,l,l,l,l,r,l,r,r,l,l,l,r,r,r,r,r,l,r,l,r,l,r,r,l,r,l,l,r,r,r,l,r,r,r,l,r,r,l,r,r,l,r,r,,,,,,,,,,,,,,,,,,,,,,,,
70,r,r,l,l,r,l,l,r,l,l,l,l,l,l,l,l,r,r,r,l,l,l,l,r,r,r,r,l,l,l,l,r,r,r,r,r,l,r,l,l,l,l,r,r,r,r,l,r,l,l,r,l,l,l,l,r,l,l,l,l,l,,,,,,,,,,,,,,,,,,,,,,,,
71,r,r,l,r,r,l,r,r,l,l,r,l,l,l,r,r,l,r,l,l,r,l,l,l,l,r,l,l,l,l,l,r,l,l,l,r,r,r,l,l,r,l,l,r,l,r,l,r,r,r,r,r,r,r,l,r,l,l,l,l,l,,,,,,,,,,,,,,,,,,,,,,,,
72,r,r,r,l,r,r,r,r,l,l,r,r,r,r,l,l,r,r,r,r,r,r,r,r,l,l,r,r,l,r,r,r,r,l,l,r,l,r,r,r,l,l,l,r,l,r,r,l,l,r,l,r,r,l,l,r,l,r,r,l,r,,,,,,,,,,,,,,,,,,,,,,,,
73,l,r,l,l,l,l,l,l,r,r,r,l,r,r,l,r,l,l,l,l,l,r,l,r,r,r,r,l,r,r,r,l,r,r,r,l,l,r,r,l,r,r,r,r,r,l,r,r,r,r,r,r,r,r,r,l,l,l,r,r,l,,,,,,,,,,,,,,,,,,,,,,,,
74,l,l,l,l,r,r,l,r,r,r,l,l,r,r,l,l,l,l,r,r,r,r,l,l,r,r,l,l,r,r,l,r,r,l,l,r,l,r,r,l,r,r,r,r,l,l,l,r,r,r,l,r,r,l,r,l,l,r,r,l,,,,,,,,,,,,,,,,,,,,,,,,,
75,l,l,l,r,l,l,l,l,l,r,r,l,r,r,r,r,l,l,l,l,l,l,r,r,r,l,l,l,r,l,r,r,l,l,l,l,r,r,l,r,r,r,r,l,r,r,l,r,l,l,l,l,l,l,l,l,l,l,l,r,l,,,,,,,,,,,,,,,,,,,,,,,,
76,r,l,l,l,l,r,r,r,r,r,r,r,r,r,l,r,l,r,r,r,r,l,r,r,r,r,r,l,r,r,r,r,r,r,r,r,r,r,r,l,r,r,r,r,r,r,r,r,l,r,r,l,r,l,l,l,r,r,r,r,r,,,,,,,,,,,,,,,,,,,,,,,,
77,r,r,r,r,r,l,r,l,r,r,l,l,r,r,r,r,l,l,l,r,r,r,r,r,r,r,r,r,r,l,r,r,l,r,r,r,r,l,l,l,r,l,r,r,r,r,r,r,r,r,r,l,r,l,r,l,r,l,r,l,l,,,,,,,,,,,,,,,,,,,,,,,,
78,r,r,r,l,l,r,l,l,l,r,r,r,r,l,r,l,r,l,l,r,r,r,r,r,r,r,l,r,l,l,l,r,r,r,l,r,l,r,r,l,l,l,l,r,l,l,r,r,r,r,r,r,l,l,r,l,r,r,r,l,r,,,,,,,,,,,,,,,,,,,,,,,,
79,l,r,r,r,l,r,l,l,r,r,r,l,l,r,r,r,l,r,r,r,l,r,l,r,r,l,r,r,r,r,r,r,r,r,r,r,r,r,r,r,r,r,r,r,r,r,r,r,l,r,r,r,l,l,l,,,,,,,,,,,,,,,,,,,,,,,,,,,,,,
80,r,r,r,l,l,r,r,l,r,l,l,r,r,r,r,r,l,r,l,r,r,r,l,l,l,l,r,l,l,l,l,r,l,l,l,r,l,r,l,r,l,r,l,r,l,r,l,l,r,l,l,r,l,r,l,r,r,l,l,l,l,l,l,l,l,r,r,l,l,l,l,r,l,,,,,,,,,,,,
81,l,r,l,l,r,l,l,l,l,r,l,r,l,l,l,l,l,r,r,r,r,l,r,r,r,l,l,l,l,l,r,l,l,r,l,l,l,l,l,l,l,r,r,r,r,l,l,r,l,r,r,r,r,l,r,r,l,r,r,r,l,l,l,l,r,l,r,l,l,l,r,r,r,,,,,,,,,,,,
82,l,l,r,r,l,l,r,r,r,r,r,l,l,r,r,l,l,r,r,r,l,r,r,r,r,l,l,r,r,r,l,r,l,r,l,l,l,l,r,r,l,l,l,l,l,l,r,r,r,r,r,l,l,l,r,l,r,r,r,r,r,r,r,l,l,l,l,l,r,l,r,r,r,,,,,,,,,,,,
83,l,r,r,l,r,l,r,r,r,l,r,l,l,r,r,l,r,r,r,r,r,r,r,r,r,r,r,r,r,l,r,l,l,r,r,r,r,r,r,r,l,r,l,l,r,r,l,r,r,l,r,r,r,l,l,r,r,r,l,r,r,l,l,l,l,l,r,l,r,r,r,r,l,,,,,,,,,,,,
84,l,l,l,r,l,l,l,l,r,l,l,r,r,r,l,l,l,l,l,r,l,l,l,l,r,r,l,r,r,r,l,r,l,l,r,r,l,r,l,l,r,l,l,l,l,l,r,l,l,l,l,r,l,r,l,r,l,r,l,r,r,l,l,l,r,r,r,r,l,l,l,r,l,,,,,,,,,,,,
85,r,l,r,r,l,l,l,r,r,r,l,l,l,l,l,l,l,r,l,l,l,r,l,l,r,r,l,l,l,l,l,l,l,l,l,l,l,r,l,l,l,l,l,r,l,l,r,r,r,l,l,r,r,l,r,l,l,l,l,r,r,r,l,l,l,l,r,r,r,r,r,r,l,,,,,,,,,,,,
86,r,l,l,l,r,l,l,l,r,r,l,l,l,r,l,r,r,r,r,r,r,r,l,r,l,l,r,l,l,l,l,l,l,r,r,r,r,l,l,l,r,r,l,l,l,r,l,l,l,l,r,r,l,r,l,r,r,r,r,r,r,l,l,r,l,l,r,l,r,r,l,l,r,,,,,,,,,,,,
87,r,r,r,l,l,r,r,r,r,r,r,l,r,r,l,l,r,l,r,r,l,r,l,l,r,r,r,r,r,r,r,r,l,r,l,r,l,r,r,r,r,l,r,r,l,r,l,r,r,r,r,l,l,r,r,r,r,r,l,l,r,r,r,r,r,r,r,r,r,l,r,l,,,,,,,,,,,,,
88,l,l,r,l,r,l,l,r,l,l,r,l,l,l,l,l,r,l,l,l,l,r,l,r,r,l,l,r,l,r,l,r,l,r,r,l,l,r,l,l,r,r,r,r,r,r,l,r,r,l,r,r,r,l,r,,,,,,,,,,,,,,,,,,,,,,,,,,,,,,
89,r,r,l,l,r,l,l,r,l,l,l,r,r,l,r,r,r,r,r,l,r,r,l,l,l,r,l,r,l,l,r,r,l,r,l,l,l,r,r,r,l,r,r,l,l,r,r,r,l,l,r,l,l,l,l,,,,,,,,,,,,,,,,,,,,,,,,,,,,,,
90,r,r,l,l,l,l,l,l,l,l,r,l,r,l,l,l,r,l,r,r,r,r,l,r,r,l,l,r,r,r,r,l,r,l,l,l,l,l,r,r,l,l,l,r,l,r,l,l,l,l,l,l,r,r,l,,,,,,,,,,,,,,,,,,,,,,,,,,,,,,
91,r,r,l,l,r,r,r,l,r,l,l,r,l,l,l,l,r,l,l,r,l,r,r,l,r,r,r,r,r,r,r,l,r,l,l,l,l,l,r,r,l,r,l,l,r,l,l,l,l,l,r,l,l,l,l,,,,,,,,,,,,,,,,,,,,,,,,,,,,,,
92,l,r,r,r,r,l,r,r,r,r,l,l,l,r,r,r,r,r,r,r,r,r,l,r,l,r,r,r,r,r,l,r,r,r,l,r,r,r,r,r,r,l,l,r,r,r,r,r,r,r,r,l,r,r,r,,,,,,,,,,,,,,,,,,,,,,,,,,,,,,
93,l,l,l,l,l,r,l,r,r,l,l,r,l,l,l,l,r,r,r,l,l,r,r,l,l,l,l,l,l,l,r,r,r,l,r,l,l,l,l,l,r,r,l,r,l,r,l,l,l,r,l,l,r,r,r,,,,,,,,,,,,,,,,,,,,,,,,,,,,,,
94,r,l,l,l,l,l,r,r,r,r,l,r,r,l,r,l,r,l,l,l,l,r,r,r,l,r,l,r,r,l,r,r,l,l,l,r,r,r,r,r,r,l,l,l,r,l,r,r,r,r,r,r,l,l,r,,,,,,,,,,,,,,,,,,,,,,,,,,,,,,
95,l,l,r,l,l,r,l,l,r,r,r,r,l,r,l,l,l,l,l,r,r,r,l,r,r,l,r,r,r,l,l,l,r,r,l,r,r,l,r,r,r,r,l,l,l,l,r,r,l,r,l,l,l,r,l,,,,,,,,,,,,,,,,,,,,,,,,,,,,,,
96,r,l,r,r,l,l,r,l,l,r,r,l,l,l,l,l,l,r,l,r,l,l,l,r,l,r,r,r,l,r,l,l,r,r,r,l,l,l,r,l,r,r,r,r,r,r,l,l,r,r,r,r,r,r,l,,,,,,,,,,,,,,,,,,,,,,,,,,,,,,
97,r,r,r,l,r,r,r,r,r,r,l,r,l,r,l,r,l,l,l,r,r,l,r,r,l,l,l,l,l,r,r,r,l,r,r,r,r,l,l,l,l,l,l,l,r,l,r,r,r,r,l,r,r,l,r,,,,,,,,,,,,,,,,,,,,,,,,,,,,,,
98,l,l,l,l,l,r,l,r,r,l,l,l,l,l,l,l,r,l,l,r,l,r,r,l,l,r,l,l,l,l,r,l,l,l,l,l,l,l,l,r,r,r,l,r,l,r,l,r,l,l,l,r,l,l,l,l,r,l,l,r,l,l,l,,,,,,,,,,,,,,,,,,,,,,
99,r,r,l,r,r,r,r,r,l,l,r,l,l,l,r,r,l,l,l,l,r,r,l,r,l,l,r,r,l,l,l,l,r,r,l,r,l,l,l,r,l,r,r,l,l,l,r,l,l,r,l,l,r,l,l,r,r,r,r,l,r,r,r,,,,,,,,,,,,,,,,,,,,,,
100,r,r,r,r,r,l,r,r,r,r,l,l,l,r,r,r,r,r,r,r,r,l,r,r,r,r,r,r,r,r,l,r,r,r,r,l,r,r,r,l,r,l,l,l,r,l,r,r,r,r,l,l,r,r,r,r,l,r,r,r,r,r,l,l,,,,,,,,,,,,,,,,,,,,,
101,r,r,r,l,l,l,r,r,r,l,r,l,r,r,l,r,r,r,l,l,l,r,r,l,r,r,r,r,l,r,r,r,r,r,r,l,l,r,r,r,r,r,r,r,l,r,r,r,l,l,r,r,r,r,l,l,r,l,l,r,l,l,l,l,,,,,,,,,,,,,,,,,,,,,
102,r,l,l,r,l,l,r,l,r,l,r,l,r,r,l,r,l,l,r,r,l,l,l,l,l,l,l,r,r,r,r,r,r,l,l,r,l,l,l,r,l,r,l,r,r,r,r,r,r,l,l,l,r,r,l,r,r,r,l,l,l,l,l,l,,,,,,,,,,,,,,,,,,,,,
103,r,r,r,r,l,r,l,r,l,l,r,l,l,l,r,l,l,l,l,l,l,r,r,l,l,r,r,l,r,l,r,l,l,r,l,r,l,l,r,r,l,r,r,r,r,l,l,r,l,r,l,l,l,l,r,l,r,r,r,r,r,l,r,,,,,,,,,,,,,,,,,,,,,,
104,l,l,l,r,l,l,l,l,l,l,l,l,r,l,l,l,r,l,l,l,l,l,l,l,l,l,l,l,l,l,l,l,l,l,r,l,l,l,l,l,l,r,l,l,r,r,l,l,r,l,l,r,l,l,l,l,l,l,l,l,l,r,l,,,,,,,,,,,,,,,,,,,,,,
105,r,r,l,l,r,r,r,r,l,r,l,r,r,l,r,l,r,r,l,r,l,l,l,r,l,l,l,l,r,r,l,r,r,l,r,r,r,l,r,r,r,l,r,r,r,l,l,l,l,r,r,r,l,l,l,r,r,l,r,r,r,r,r,,,,,,,,,,,,,,,,,,,,,,
106,l,l,r,l,l,l,l,l,r,r,l,l,r,l,l,l,l,l,l,l,l,l,l,l,l,l,r,l,r,l,l,l,l,r,l,l,l,l,r,l,r,r,l,r,r,l,l,l,l,l,l,r,r,r,l,l,r,l,l,r,l,l,r,,,,,,,,,,,,,,,,,,,,,,
107,l,r,l,r,l,r,r,r,l,r,l,l,l,l,l,l,r,l,l,l,r,r,r,r,r,l,r,l,l,r,r,r,r,r,r,r,r,r,l,r,l,r,l,r,l,r,l,l,r,r,l,l,l,l,r,l,r,l,l,r,r,l,l,,,,,,,,,,,,,,,,,,,,,,
108,r,l,r,r,r,l,l,l,r,l,l,l,r,l,r,l,r,r,l,r,r,r,r,l,r,l,r,l,l,r,l,l,l,l,l,r,l,r,r,l,l,l,l,r,l,l,r,l,l,r,l,r,l,r,r,l,r,l,r,l,r,l,l,r,r,l,l,l,l,l,r,r,r,l,r,r,l,l,,,,,,,
109,r,l,r,r,r,l,l,l,r,r,r,r,r,r,l,r,r,r,r,l,r,l,r,l,r,l,l,l,l,r,r,r,r,r,l,l,r,l,r,r,r,r,l,l,r,l,l,r,l,r,l,r,l,l,r,r,r,l,r,r,r,l,r,r,r,r,r,r,r,l,l,r,r,r,l,l,r,l,r,l,,,,,
110,r,r,r,l,l,r,r,r,r,l,r,r,l,r,r,r,r,l,r,r,r,l,l,l,r,l,r,r,l,r,l,l,l,l,r,r,l,l,r,r,l,l,r,r,l,r,r,l,r,l,r,r,r,r,r,r,l,r,r,r,r,l,r,l,l,r,l,l,l,r,r,r,r,r,l,r,r,r,r,l,,,,,
111,r,r,r,l,r,l,l,r,r,r,l,r,r,r,r,r,r,l,r,l,l,r,l,r,l,l,r,r,l,l,r,r,r,l,r,r,r,r,r,l,l,r,l,r,r,r,r,l,r,r,r,l,r,r,r,r,l,r,r,r,l,r,l,l,r,l,r,l,r,r,l,l,r,l,l,r,r,l,r,l,,,,,
112,r,r,l,l,l,r,r,r,r,r,r,r,l,r,r,r,r,r,r,r,r,r,r,l,r,r,r,r,r,r,r,l,r,r,r,r,r,l,r,l,l,r,r,r,r,l,r,r,l,l,r,r,l,r,r,r,r,r,r,r,l,r,r,r,r,r,r,l,l,l,l,l,r,l,l,l,r,l,r,r,,,,,
113,r,r,r,l,r,l,r,r,r,r,r,r,r,r,r,r,r,r,r,r,r,r,r,r,r,r,l,r,l,r,r,l,r,r,r,l,r,r,r,l,r,l,r,r,r,r,l,r,r,r,r,r,r,r,r,r,r,r,r,r,r,r,r,r,r,r,r,r,r,r,r,r,r,r,r,r,r,r,r,r,,,,,
114,l,r,r,r,r,l,l,r,r,r,r,r,r,r,l,r,r,r,r,r,r,l,r,l,l,l,l,l,r,r,r,r,l,r,r,r,r,l,l,r,r,r,r,r,r,r,r,r,l,r,r,l,r,r,r,l,r,r,l,r,r,r,r,r,r,r,r,l,r,r,r,r,r,r,l,l,r,r,r,l,,,,,
115,l,l,l,r,r,l,l,r,r,l,r,l,l,r,l,l,l,l,l,l,r,l,l,r,l,l,r,r,r,l,l,l,l,l,l,l,l,r,l,l,l,l,l,l,l,l,l,l,r,r,l,l,l,l,l,l,l,l,r,l,r,l,l,l,r,l,l,r,l,r,l,l,l,l,r,l,r,r,r,r,,,,,
116,r,r,r,r,l,r,r,l,l,l,r,r,l,l,l,l,l,r,r,r,r,r,r,r,l,r,r,r,l,l,l,r,l,r,r,r,l,l,l,r,r,l,l,r,r,r,l,l,r,l,l,r,r,r,l,r,l,r,r,r,r,r,r,l,r,l,r,l,l,l,r,r,r,r,r,l,r,r,r,l,,,,,
117,l,l,r,r,r,r,r,r,r,r,r,r,r,r,r,r,r,l,r,r,l,r,l,r,r,r,l,r,l,r,r,r,l,r,r,l,r,r,l,r,r,r,r,r,l,l,r,r,r,l,l,r,l,r,l,r,l,r,l,r,r,r,r,l,l,r,r,r,r,r,l,r,r,r,r,r,l,r,,,,,,,
118,r,r,l,r,r,r,r,l,r,r,r,r,r,r,l,r,r,r,l,r,r,r,l,r,l,r,r,r,r,r,r,r,l,l,r,r,l,r,r,r,r,l,r,l,r,r,r,l,l,r,r,r,l,r,r,l,r,r,r,l,l,l,r,r,l,l,l,r,l,r,r,r,r,r,,,,,,,,,,,
119,r,l,l,l,r,r,r,r,l,l,l,l,l,r,r,l,r,r,r,l,r,r,r,l,r,l,l,r,l,l,r,l,l,l,l,r,l,r,r,r,l,l,l,r,r,l,l,l,l,l,r,r,r,r,r,l,l,r,r,r,r,r,l,r,l,r,l,r,r,r,r,r,r,,,,,,,,,,,,
120,l,l,r,l,r,l,r,r,l,l,r,r,l,l,l,l,l,l,l,r,r,l,l,l,l,l,l,l,r,r,r,l,l,l,l,r,l,r,r,l,r,r,l,l,r,l,l,l,r,r,l,r,l,l,l,l,l,r,l,l,r,r,l,l,r,l,l,r,r,l,l,r,r,l,,,,,,,,,,,
121,r,r,r,r,l,l,r,l,l,r,r,l,r,r,l,r,l,l,l,r,r,r,r,r,r,r,r,r,r,r,r,r,r,l,r,l,l,l,r,l,r,l,r,r,l,r,r,r,l,r,r,r,l,r,r,r,l,l,l,r,r,r,r,r,l,r,r,l,r,r,r,l,r,,,,,,,,,,,,
122,l,l,l,r,l,l,l,l,r,l,l,l,l,l,r,l,r,r,r,l,l,l,l,l,r,r,l,l,l,r,l,l,l,l,l,l,l,r,l,l,l,l,l,l,l,l,l,l,l,l,l,r,l,l,r,l,r,l,l,r,l,r,l,l,r,r,l,l,r,l,r,l,l,l,,,,,,,,,,,
123,r,r,l,r,l,r,l,r,r,l,l,r,l,r,l,r,r,l,l,l,l,r,r,l,r,l,r,r,l,l,l,r,r,r,r,l,r,r,r,r,l,r,r,r,r,r,r,r,r,r,r,r,l,r,r,r,l,r,l,l,r,r,r,l,r,r,l,l,r,r,r,r,r,r,,,,,,,,,,,
124,l,l,r,r,r,l,l,l,l,l,r,l,l,l,r,l,l,r,r,r,l,l,r,l,l,l,l,r,l,r,r,l,l,l,l,l,r,l,l,l,r,r,r,r,r,l,l,l,l,l,l,r,r,r,l,l,r,l,l,r,r,r,l,l,r,l,r,r,l,l,l,r,r,r,,,,,,,,,,,
125,l,r,l,r,r,r,l,l,l,l,r,r,l,l,r,l,l,l,l,l,r,l,r,l,l,r,l,l,l,r,l,r,r,r,r,r,l,r,r,l,r,r,r,r,l,r,l,r,r,r,r,l,r,r,r,l,r,l,l,r,l,r,l,r,r,l,l,r,r,r,l,l,r,,,,,,,,,,,,
126,l,r,r,r,l,l,r,r,r,r,r,r,r,r,r,r,r,r,r,r,r,r,r,r,l,r,r,r,l,r,r,r,r,r,r,r,l,r,r,r,r,l,l,r,r,r,l,r,r,l,r,r,r,r,r,r,r,r,r,l,r,r,r,r,r,r,r,r,l,l,r,r,r,,,,,,,,,,,,
127,l,r,l,l,r,l,r,r,r,r,l,r,l,r,l,r,l,l,l,l,r,r,r,r,r,r,l,r,l,r,l,r,r,r,l,r,r,r,l,l,l,l,r,r,r,r,r,r,l,r,r,l,l,r,l,r,l,l,r,l,l,r,l,r,r,r,r,r,r,l,r,l,r,r,,,,,,,,,,,
128,r,r,l,r,l,l,r,r,l,r,l,r,r,r,l,r,r,l,r,l,r,r,r,l,l,l,r,r,l,l,r,l,r,r,l,l,r,l,r,l,l,r,l,r,l,r,l,r,l,l,r,l,r,l,l,l,r,l,r,l,l,r,l,,,,,,,,,,,,,,,,,,,,,,
129,l,l,r,r,r,r,l,r,l,r,l,l,r,l,r,l,l,r,r,l,r,r,r,l,l,r,l,l,r,r,r,l,r,r,r,l,l,r,l,l,l,r,r,l,l,l,r,l,r,l,r,l,l,r,r,l,l,l,r,r,r,r,r,,,,,,,,,,,,,,,,,,,,,,
130,r,l,r,l,r,l,l,r,l,l,r,r,r,r,r,l,r,l,l,l,l,l,r,r,l,r,l,r,r,l,l,r,l,r,r,r,l,l,r,l,l,l,r,r,l,l,r,r,l,r,l,r,r,l,l,l,l,l,l,r,r,r,l,,,,,,,,,,,,,,,,,,,,,,
131,r,r,l,r,r,r,r,r,r,l,r,l,r,l,l,l,l,r,l,r,l,r,l,l,l,l,r,l,l,l,r,l,l,l,l,r,l,l,r,r,r,l,l,l,l,l,l,l,l,r,l,r,l,r,l,l,l,l,l,r,l,r,r,,,,,,,,,,,,,,,,,,,,,,
132,r,r,l,r,l,r,l,l,r,l,l,r,r,l,r,r,r,r,l,l,l,r,r,r,r,r,r,r,r,r,r,r,l,r,l,r,l,r,l,r,r,l,l,r,r,r,r,r,r,r,r,r,r,r,r,l,r,r,r,r,l,r,l,,,,,,,,,,,,,,,,,,,,,,
133,r,r,r,l,r,r,l,r,l,l,r,r,l,r,r,r,r,r,l,l,l,l,l,l,r,r,r,r,r,r,l,r,l,l,l,l,r,l,r,r,r,l,r,r,l,l,l,l,l,r,l,l,r,r,r,l,r,r,l,r,l,r,r,,,,,,,,,,,,,,,,,,,,,,
134,l,l,r,l,r,r,r,l,r,l,l,r,r,l,r,r,r,l,r,l,r,r,r,r,l,r,l,r,r,r,l,r,l,r,r,r,l,r,l,r,l,l,l,l,l,r,r,l,r,l,l,l,l,r,r,r,l,l,l,l,l,r,,,,,,,,,,,,,,,,,,,,,,,
135,r,r,l,r,r,r,r,r,l,l,l,r,r,l,r,r,l,l,r,r,l,l,r,r,l,r,r,l,r,l,l,l,l,r,r,l,l,l,r,r,l,l,r,l,r,l,l,r,r,r,r,r,r,l,l,r,l,l,r,l,r,r,,,,,,,,,,,,,,,,,,,,,,,
136,r,l,r,l,l,l,r,l,l,r,l,r,l,r,r,l,r,r,r,l,l,l,r,l,r,r,r,l,r,r,l,r,r,l,r,r,l,l,r,r,l,l,r,l,r,r,r,l,r,l,r,r,l,r,l,l,r,l,r,r,r,r,l,,,,,,,,,,,,,,,,,,,,,,
137,l,l,r,l,r,l,r,l,l,l,l,l,l,r,l,r,r,r,r,l,r,l,l,l,r,l,r,l,l,l,l,l,r,l,r,r,l,r,l,l,l,r,l,l,r,r,l,l,r,l,r,l,r,r,r,l,r,l,l,r,l,r,l,,,,,,,,,,,,,,,,,,,,,,
138,l,r,l,r,l,r,l,r,l,r,r,l,l,r,l,r,l,l,r,r,r,l,l,l,r,l,l,r,l,r,r,l,l,r,l,l,l,r,l,r,r,l,r,r,r,r,r,l,r,l,l,r,l,r,r,r,l,l,r,r,r,r,l,l,r,r,r,r,r,r,r,l,r,l,r,l,r,l,r,r,l,r,r,l,l
139,r,r,l,l,r,l,l,l,r,r,r,l,l,r,r,r,r,l,r,l,l,r,r,r,r,r,l,l,l,r,r,r,l,r,r,r,r,r,l,r,r,l,r,r,l,r,r,l,l,r,r,l,l,l,r,l,r,r,l,l,l,l,l,r,r,l,r,l,l,l,r,l,r,r,r,l,l,l,l,l,l,r,l,r,r
140,l,r,l,r,l,l,r,l,l,l,r,r,r,l,r,r,l,l,l,r,r,r,l,l,l,r,r,l,l,l,l,l,r,r,r,l,r,r,l,l,r,r,l,r,l,l,l,l,l,l,l,r,r,l,l,r,l,l,r,l,l,l,l,l,l,r,l,l,r,l,l,r,r,r,l,r,l,l,l,r,r,l,r,r,l
141,l,l,l,l,r,l,l,l,l,l,l,l,l,l,l,l,r,r,l,r,l,r,l,r,r,l,l,r,l,l,r,r,l,l,r,l,l,l,l,l,l,l,l,l,l,r,l,r,l,r,r,r,r,r,l,l,r,l,l,l,l,r,l,l,r,r,l,r,l,r,r,l,l,r,l,l,r,l,l,r,r,l,l,l,l
142,r,r,l,r,r,r,r,l,r,l,l,r,r,l,r,l,l,l,l,r,l,l,r,r,r,r,r,r,r,r,r,r,r,l,l,l,r,r,l,r,r,r,r,r,r,l,r,r,r,l,l,r,l,r,l,r,l,r,l,l,r,r,l,l,r,r,l,r,r,r,l,l,r,r,l,r,l,r,r,l,r,r,l,l,
143,r,r,l,r,r,l,r,r,r,r,r,l,r,l,r,l,l,l,l,l,r,r,r,l,r,r,r,r,l,r,r,l,l,r,l,l,r,l,r,r,r,r,r,l,r,r,r,r,l,l,r,r,l,l,l,r,l,r,r,r,r,r,r,r,l,r,l,l,r,l,l,r,l,r,r,l,r,l,r,r,r,r,r,l,l
144,r,l,r,r,r,r,l,r,l,r,l,l,r,l,l,r,l,r,r,r,l,l,r,r,l,r,r,l,r,l,l,r,r,l,r,l,l,r,r,r,r,r,r,r,r,r,l,l,l,l,r,l,r,l,l,l,r,r,r,l,r,r,r,r,r,r,r,r,l,r,l,r,r,l,l,r,l,r,r,r,r,r,l,l,
145,r,l,r,r,r,r,r,r,r,r,r,l,r,l,l,r,r,r,r,l,r,l,r,r,r,r,r,r,r,r,r,r,l,r,r,l,r,r,r,r,l,l,r,l,r,l,l,r,l,l,r,r,r,l,r,l,r,l,r,l,r,r,r,l,r,l,r,l,l,l,r,l,l,r,l,r,r,r,l,l,l,r,l,l,r
146,l,r,l,l,l,r,r,r,r,r,l,r,r,r,r,l,r,r,l,l,r,r,l,r,l,r,l,l,r,r,l,r,r,r,l,r,r,r,l,l,r,r,l,r,r,l,r,l,l,r,r,r,l,r,r,l,l,l,r,l,l,r,l,r,r,l,r,r,r,r,r,r,r,l,r,l,r,r,r,l,l,r,r,l,r
147,r,r,l,l,r,r,r,l,r,r,r,r,l,l,l,r,r,r,r,l,l,r,l,l,r,r,r,l,r,l,r,r,r,l,r,l,l,r,r,r,r,r,l,r,r,l,l,l,r,r,r,r,l,l,r,r,l,r,l,l,r,l,r,l,l,r,r,l,l,l,l,r,l,r,r,r,l,r,l,r,r,r,l,l,l
148,r,r,l,l,r,r,r,r,l,l,l,l,l,r,l,l,l,r,l,l,r,l,r,l,r,r,l,l,l,l,l,r,l,l,r,r,l,l,l,l,r,l,l,r,r,r,l,r,r,l,l,l,r,l,r,l,l,l,l,l,l,r,l,l,l,l,r,l,,,,,,,,,,,,,,,,,
149,l,r,l,l,l,r,l,l,r,r,l,l,r,r,l,l,l,r,l,l,r,l,l,r,l,r,r,r,r,r,r,r,r,l,r,l,r,l,r,l,r,r,l,l,r,r,l,r,l,l,r,r,l,r,r,l,r,r,l,r,r,l,r,r,r,l,r,,,,,,,,,,,,,,,,,,
150,r,l,l,l,r,l,r,l,r,l,l,r,r,l,l,l,l,r,r,l,l,l,l,l,l,r,l,l,l,l,l,l,r,l,r,l,r,r,l,r,l,l,r,l,l,r,r,l,l,r,l,r,r,r,l,l,l,l,r,l,r,l,l,l,l,r,l,,,,,,,,,,,,,,,,,,
151,r,l,l,r,l,l,r,r,l,l,r,l,r,r,l,r,l,r,l,l,l,r,l,r,r,l,l,l,r,r,r,r,r,l,r,l,l,r,r,l,r,l,l,r,r,r,l,r,r,r,l,l,l,r,r,l,r,l,l,r,l,l,l,r,r,l,r,,,,,,,,,,,,,,,,,,
152,r,r,r,l,r,r,l,l,r,r,r,r,r,l,l,r,l,r,r,r,r,r,r,r,r,l,r,r,r,r,r,r,l,r,l,r,r,r,r,r,r,r,l,l,r,l,l,r,r,r,r,l,r,l,l,r,l,r,r,r,r,l,r,r,l,r,l,l,,,,,,,,,,,,,,,,,
153,l,l,r,l,r,r,r,l,r,r,l,r,r,r,l,l,l,r,r,l,r,r,l,l,l,l,r,l,l,l,l,l,l,l,l,r,l,l,l,r,r,l,l,l,r,r,r,l,l,r,r,l,l,l,r,l,r,l,r,l,r,r,l,r,r,r,r,l,,,,,,,,,,,,,,,,,
154,l,r,r,r,r,l,l,l,l,r,r,l,r,l,l,r,l,r,r,r,l,r,r,r,l,r,r,l,r,r,r,l,r,r,l,l,r,r,l,r,r,r,l,r,r,r,r,l,l,r,l,l,r,l,l,l,r,l,r,r,l,r,r,r,l,r,r,,,,,,,,,,,,,,,,,,
155,r,r,l,r,l,r,l,r,l,r,l,l,r,r,r,l,l,l,l,l,r,r,l,l,l,r,l,l,l,l,l,r,l,r,r,r,l,l,l,r,l,l,r,l,r,r,r,r,l,l,r,r,r,l,r,r,r,r,r,r,r,r,l,r,r,l,l,,,,,,,,,,,,,,,,,,
156,r,l,r,r,r,r,l,r,r,r,r,r,r,r,l,l,r,r,l,l,r,l,l,l,l,l,l,r,l,r,r,l,r,r,r,r,r,l,l,l,l,r,r,l,l,l,r,l,r,l,r,r,r,r,l,l,l,l,r,l,r,r,r,l,r,l,r,r,,,,,,,,,,,,,,,,,
157,r,r,r,l,r,l,l,r,l,l,r,l,r,l,l,r,r,l,r,r,l,r,r,r,l,l,l,r,l,l,l,l,l,r,l,r,r,l,r,l,l,l,l,l,r,l,l,r,l,l,r,l,l,l,l,l,l,r,l,l,l,l,r,r,l,l,l,r,,,,,,,,,,,,,,,,,
158,l,r,r,l,r,l,l,l,r,r,r,l,l,l,l,l,r,l,l,r,r,l,r,r,l,r,l,l,r,l,l,r,l,l,l,l,l,r,l,l,r,l,r,l,l,l,r,r,r,l,r,l,l,r,r,l,l,l,r,l,l,l,r,r,,,,,,,,,,,,,,,,,,,,,
159,l,l,l,l,l,l,l,l,l,l,l,l,r,r,l,l,l,l,l,r,r,l,l,r,r,l,l,l,r,l,l,l,l,r,l,l,r,l,l,r,l,l,r,l,l,r,l,r,l,r,l,l,l,l,l,l,l,l,r,l,l,l,r,r,,,,,,,,,,,,,,,,,,,,,
160,l,l,r,l,r,l,l,r,l,l,l,r,r,r,r,r,r,r,l,l,l,l,l,r,r,r,r,r,r,l,l,r,r,l,l,r,r,r,r,l,l,l,r,l,l,r,l,r,r,l,r,r,l,r,r,l,r,l,r,l,l,r,r,r,,,,,,,,,,,,,,,,,,,,,
161,l,l,r,r,l,r,l,l,l,l,l,r,r,l,r,l,r,r,l,r,l,l,l,r,r,l,r,r,l,l,l,l,r,l,l,r,l,l,l,r,r,l,l,l,l,l,l,l,l,r,l,r,l,r,l,r,l,r,l,r,l,r,l,r,,,,,,,,,,,,,,,,,,,,,
162,r,l,r,l,r,l,r,r,l,r,l,r,l,l,l,l,l,r,l,l,r,l,r,l,l,r,r,l,r,l,l,l,l,l,r,l,l,l,l,l,l,l,r,l,l,l,l,r,l,r,l,l,r,l,l,l,l,r,l,l,r,r,l,r,,,,,,,,,,,,,,,,,,,,,
163,r,r,l,r,l,l,l,l,l,l,l,l,l,l,l,r,l,l,r,r,r,l,l,r,r,r,r,r,l,l,l,r,r,l,r,r,l,l,r,l,l,r,r,l,r,r,r,l,l,r,l,l,r,r,l,l,r,l,l,l,r,l,r,l,,,,,,,,,,,,,,,,,,,,,
164,r,l,r,l,l,r,r,l,r,l,l,l,r,l,l,r,r,r,r,l,l,l,l,r,l,l,l,l,r,l,l,l,r,r,l,r,r,r,l,l,r,r,r,r,l,r,l,l,r,r,l,r,l,l,l,r,r,r,l,l,r,r,r,r,,,,,,,,,,,,,,,,,,,,,
165,r,r,r,l,r,r,r,l,r,l,r,r,l,r,r,l,r,r,r,r,l,r,r,r,l,r,l,r,l,l,l,r,r,l,r,r,l,r,r,l,r,l,r,r,r,r,l,r,l,l,r,l,r,l,r,r,r,l,r,r,l,l,l,r,,,,,,,,,,,,,,,,,,,,,
166,r,r,r,r,r,l,r,r,r,r,l,l,l,r,l,r,r,r,r,l,r,l,r,r,r,r,r,r,l,r,r,l,r,r,l,r,r,r,r,r,r,r,r,r,r,l,l,r,r,r,r,r,l,r,r,r,r,r,l,r,r,r,r,r,,,,,,,,,,,,,,,,,,,,,
167,r,l,r,r,r,r,r,r,l,r,l,l,l,l,r,r,r,r,l,l,l,r,r,r,l,r,l,r,l,r,r,r,l,r,l,l,r,r,r,r,l,r,r,r,r,l,r,r,l,r,r,r,r,l,r,l,r,l,l,r,l,r,r,l,,,,,,,,,,,,,,,,,,,,,
168,l,r,r,r,l,l,r,r,l,r,r,l,l,l,r,r,r,r,r,l,r,r,r,l,r,l,r,r,r,l,l,l,r,r,r,l,l,r,r,l,r,r,r,l,r,l,r,l,r,r,r,l,l,r,r,r,l,l,l,r,l,r,r,r,r,r,r,l,r,l,l,r,,,,,,,,,,,,,
169,r,r,l,r,r,l,r,r,l,l,l,l,r,r,r,r,l,r,r,l,r,l,l,l,r,r,r,l,l,r,r,l,r,r,l,l,l,l,l,r,r,r,l,l,l,r,r,l,l,l,r,l,r,r,r,r,l,r,l,r,l,l,l,l,l,l,r,r,r,r,r,l,,,,,,,,,,,,,
170,r,r,l,r,l,l,l,r,r,l,l,l,l,r,r,r,r,r,r,r,r,r,r,r,r,l,r,r,r,r,l,l,r,r,l,r,r,r,l,l,r,l,l,r,r,r,r,r,r,r,r,l,r,r,r,r,r,r,r,r,r,l,r,r,l,r,r,r,r,r,r,r,,,,,,,,,,,,,
171,r,l,l,r,l,l,r,l,r,r,r,l,r,l,l,l,r,r,r,l,l,l,r,l,l,r,r,l,l,r,l,l,l,l,l,l,r,l,l,l,r,l,l,l,r,r,l,r,l,r,r,l,r,l,r,l,l,l,l,l,l,l,l,r,l,l,l,l,l,r,r,,,,,,,,,,,,,,
172,r,r,l,r,r,r,l,r,l,l,l,l,l,r,l,l,l,r,l,l,r,l,l,l,r,l,l,l,r,r,l,l,l,l,l,l,l,l,l,l,l,l,l,r,l,l,l,l,l,l,l,l,r,l,r,r,l,l,l,l,l,l,l,l,l,l,l,r,l,r,l,,,,,,,,,,,,,,
173,l,r,r,r,r,r,r,r,r,l,l,l,r,r,r,r,r,r,r,r,l,r,r,l,l,l,l,r,l,r,r,l,r,r,l,r,r,l,r,l,l,l,l,r,r,r,r,r,r,r,r,r,l,r,r,l,r,r,l,r,l,l,l,l,r,l,r,r,r,r,l,r,,,,,,,,,,,,,
174,l,r,l,l,l,l,r,l,l,l,r,r,r,r,l,r,r,r,r,l,r,l,r,r,r,r,r,l,l,r,r,r,r,l,l,l,l,r,l,r,r,r,r,r,r,r,r,l,l,r,l,r,r,r,r,r,r,r,r,r,l,r,r,l,l,l,r,l,r,l,r,r,,,,,,,,,,,,,
175,r,l,r,r,l,r,r,r,l,l,l,r,r,r,l,l,r,l,r,r,l,l,l,r,r,l,l,l,l,l,r,l,l,l,r,l,r,l,r,r,r,r,l,l,r,l,l,l,l,r,l,r,l,l,l,l,l,r,l,l,l,l,r,r,r,l,r,r,r,l,r,l,,,,,,,,,,,,,
176,l,r,l,r,r,l,r,r,l,l,r,r,r,l,r,r,r,r,r,r,r,l,l,r,r,l,r,r,r,l,l,l,l,l,l,l,r,r,l,r,r,l,r,l,l,l,r,r,l,r,r,r,r,r,l,r,r,l,l,l,l,r,r,r,l,l,r,r,r,l,r,r,,,,,,,,,,,,,
177,l,l,r,r,l,r,r,l,r,r,r,l,l,l,r,r,l,l,r,l,l,l,r,l,r,r,r,r,l,l,l,r,r,l,l,l,l,r,r,l,l,r,l,l,r,l,l,l,l,l,l,l,l,l,r,r,l,l,r,r,l,r,l,l,l,r,l,l,r,l,l,,,,,,,,,,,,,,
178,r,r,l,r,l,r,l,r,r,r,l,r,r,l,l,l,r,r,r,r,r,l,r,l,r,r,r,r,l,r,r,r,r,l,r,l,l,r,r,l,r,l,l,r,l,l,l,l,l,l,r,l,l,r,r,r,l,l,r,r,l,l,r,r,l,l,l,l,l,l,r,r,,,,,,,,,,,,,
179,l,r,r,r,l,l,l,r,l,l,l,l,l,r,l,l,l,l,r,r,l,l,r,r,r,r,r,l,l,l,l,l,l,l,l,l,l,l,r,l,l,l,l,l,l,l,r,r,r,l,l,r,r,r,r,r,l,r,l,r,r,r,l,l,l,l,l,r,l,l,r,r,,,,,,,,,,,,,
180,r,r,r,l,l,r,r,r,r,r,r,r,r,r,r,r,r,r,r,r,l,r,l,l,r,r,l,l,r,r,r,l,l,r,r,l,r,l,l,r,l,r,l,r,r,r,r,r,l,l,l,r,r,l,l,l,l,l,r,r,r,l,l,r,l,l,l,l,l,r,r,l,r,r,l,l,,,,,,,,,
181,r,r,l,l,l,r,r,l,r,r,r,r,r,l,r,r,r,r,l,r,r,r,r,r,r,r,r,r,l,r,r,r,r,r,r,r,l,r,r,l,r,r,r,r,r,r,r,r,r,r,r,r,r,r,r,r,l,r,r,r,r,l,r,r,l,r,r,l,r,r,l,l,l,r,l,r,,,,,,,,,
182,l,r,l,r,r,r,l,r,r,r,r,r,r,r,r,r,l,r,r,r,l,r,r,r,r,l,r,r,r,l,r,r,r,r,r,r,r,r,r,r,r,r,r,r,r,l,r,r,r,r,r,r,r,r,r,r,r,r,r,r,r,r,l,l,r,l,r,r,r,l,r,r,l,r,r,l,r,,,,,,,,
183,l,r,r,r,r,l,l,r,l,l,l,r,r,r,r,r,l,r,l,r,r,r,r,l,r,r,r,l,l,l,r,l,r,r,l,r,l,r,r,l,l,l,r,l,r,l,l,l,r,l,r,l,r,r,r,r,l,l,r,l,r,l,l,l,l,r,r,r,r,r,l,r,r,l,r,r,l,,,,,,,,
184,r,l,r,r,l,r,l,r,l,l,l,l,l,l,l,l,r,l,l,r,r,r,r,l,l,l,r,l,l,l,l,r,l,r,l,l,l,r,l,l,l,l,l,l,l,r,r,l,l,r,r,r,l,l,r,r,r,r,r,r,r,l,r,r,r,l,r,l,r,l,r,l,r,l,l,l,r,,,,,,,,
185,l,r,l,l,r,l,r,r,r,l,r,r,l,l,r,l,r,l,l,r,l,l,r,r,r,r,r,r,l,l,l,l,l,l,l,l,l,r,r,r,l,r,l,r,l,l,r,r,r,r,r,l,r,r,l,r,r,l,r,l,r,l,r,r,r,r,r,r,l,r,l,l,r,r,l,r,,,,,,,,,
186,r,l,r,r,r,l,l,l,l,r,l,r,r,r,r,l,l,l,r,r,l,l,r,l,l,r,r,l,l,l,r,l,r,r,r,l,l,r,r,r,r,r,r,l,r,l,r,l,l,r,l,r,r,l,r,l,l,r,r,l,r,r,r,r,l,l,r,l,r,l,r,r,l,r,r,l,r,,,,,,,,
187,l,r,l,l,r,r,r,l,r,l,r,r,r,r,r,r,l,r,l,r,r,l,r,r,l,l,l,r,r,l,l,r,l,r,r,l,r,r,r,l,l,l,r,r,l,r,r,r,l,l,l,l,l,l,l,l,l,l,l,r,r,r,r,l,r,r,l,l,l,l,r,r,l,r,r,r,l,,,,,,,,
188,r,l,r,l,l,r,r,l,l,l,r,r,r,r,r,r,l,r,r,l,r,r,l,l,r,r,r,r,l,r,r,r,r,r,r,r,r,l,l,r,r,r,r,r,r,l,l,l,l,r,r,r,r,r,r,l,l,l,r,l,l,l,r,r,l,r,l,l,r,r,r,r,l,l,r,r,,,,,,,,,
189,l,r,r,l,r,r,l,r,r,r,l,r,r,r,r,l,r,r,r,r,r,r,r,r,r,l,l,r,r,l,r,r,l,r,l,r,l,r,l,r,r,r,l,r,r,r,r,l,l,r,r,r,r,r,l,l,r,r,l,r,r,r,r,r,l,r,r,l,r,r,l,r,r,r,r,,,,,,,,,,
190,r,l,l,l,r,l,l,l,l,l,l,l,l,r,l,l,l,r,l,l,l,l,l,l,l,l,l,l,l,l,r,r,l,r,l,l,l,l,l,r,l,l,l,r,r,r,l,r,l,l,r,l,l,r,l,l,l,l,r,l,l,r,,,,,,,,,,,,,,,,,,,,,,,
191,r,r,l,l,r,r,l,r,l,l,r,r,r,l,r,r,r,r,l,r,r,r,r,r,r,l,r,l,l,r,l,l,r,l,l,r,r,r,l,r,r,r,r,r,r,r,r,r,r,r,l,r,l,l,l,r,r,l,l,r,r,r,,,,,,,,,,,,,,,,,,,,,,,
192,l,l,l,l,r,l,r,l,l,r,l,l,l,r,r,l,l,l,l,l,l,l,l,l,l,l,l,l,l,l,l,l,l,l,l,l,r,r,l,r,l,l,l,l,l,r,l,l,l,l,r,r,l,r,l,l,l,l,l,l,l,r,l,,,,,,,,,,,,,,,,,,,,,,
193,r,l,r,r,l,r,l,l,l,r,r,l,r,r,r,l,r,r,r,r,l,r,l,r,r,l,r,l,r,l,r,r,r,r,l,r,r,r,r,r,l,r,r,r,r,l,r,r,r,l,l,r,r,r,l,r,r,r,r,l,l,r,r,,,,,,,,,,,,,,,,,,,,,,
194,l,r,r,r,l,l,r,l,l,l,l,l,r,r,l,r,r,l,l,l,l,r,r,r,l,l,l,l,r,l,l,r,l,l,l,l,r,l,l,r,r,r,r,r,l,r,r,r,r,l,l,l,r,l,r,r,r,l,r,l,l,r,,,,,,,,,,,,,,,,,,,,,,,
195,r,l,r,l,l,l,r,l,l,r,l,l,l,r,r,l,l,l,r,r,r,r,l,r,r,r,l,r,r,r,l,r,r,l,r,l,r,r,l,l,l,l,l,l,r,l,r,l,r,r,r,l,r,r,l,r,r,r,r,r,r,l,l,,,,,,,,,,,,,,,,,,,,,,
196,r,l,r,l,l,r,r,r,l,r,r,l,l,l,r,r,r,r,r,l,r,l,l,l,l,l,l,l,r,l,l,l,r,l,l,l,r,r,l,l,l,l,r,r,r,l,r,l,l,l,l,l,r,l,r,r,l,r,r,l,r,l,l,,,,,,,,,,,,,,,,,,,,,,
197,l,l,r,r,r,r,l,l,r,l,r,r,l,r,l,r,l,l,r,r,l,r,l,l,l,l,l,l,l,l,r,r,l,r,r,l,l,l,r,r,l,l,l,l,l,l,r,l,r,r,l,r,l,r,r,l,r,r,l,r,r,l,,,,,,,,,,,,,,,,,,,,,,,
198,r,r,l,l,r,r,r,l,r,l,l,r,r,r,r,r,r,r,r,l,l,r,r,r,r,r,r,r,l,r,l,r,r,r,r,r,r,r,r,r,l,r,l,r,r,r,r,r,r,l,r,r,r,r,r,r,r,l,r,r,r,r,,,,,,,,,,,,,,,,,,,,,,,
199,l,r,r,r,l,l,l,l,l,l,l,r,r,l,l,r,l,l,l,l,l,l,l,r,l,l,l,l,l,l,l,l,r,l,l,l,l,l,l,l,l,l,l,l,l,l,l,l,l,l,l,l,l,r,l,r,l,l,l,l,l,l,,,,,,,,,,,,,,,,,,,,,,,
200,r,l,l,l,r,r,r,r,r,r,l,l,r,r,l,r,l,l,r,r,l,l,r,r,r,r,l,r,r,r,l,l,r,l,l,l,r,r,l,r,r,r,l,r,r,l,r,r,r,r,r,,,,,,,,,,,,,,,,,,,,,,,,,,,,,,,,,,
201,r,l,l,l,r,r,r,r,r,r,l,l,l,r,l,l,r,l,r,l,r,r,r,r,r,r,r,r,r,r,r,r,r,r,r,l,r,r,r,r,r,r,r,r,r,r,r,r,r,r,r,,,,,,,,,,,,,,,,,,,,,,,,,,,,,,,,,,
202,r,r,l,l,r,r,r,r,r,l,l,r,r,l,r,r,l,l,l,l,r,r,r,r,l,l,r,r,r,l,l,l,r,r,r,r,r,l,r,l,l,r,r,r,l,l,l,r,r,l,r,l,,,,,,,,,,,,,,,,,,,,,,,,,,,,,,,,,
203,r,r,r,r,r,r,l,l,l,l,r,r,r,l,r,l,r,l,l,l,l,l,l,l,l,l,r,r,l,r,r,l,l,l,r,l,l,l,r,l,l,r,r,l,r,l,l,l,l,l,r,l,,,,,,,,,,,,,,,,,,,,,,,,,,,,,,,,,
204,r,r,l,r,r,r,l,r,r,r,l,r,r,r,l,l,r,r,r,r,r,r,r,r,r,l,l,l,r,l,r,l,r,l,r,r,l,r,r,r,l,r,l,l,l,r,l,r,l,l,l,r,,,,,,,,,,,,,,,,,,,,,,,,,,,,,,,,,
205,r,l,l,r,l,l,l,r,l,l,r,l,r,l,l,r,r,l,l,r,l,r,r,l,l,r,r,r,r,r,r,l,l,r,l,l,r,l,l,r,r,l,l,r,l,r,l,r,r,l,r,l,,,,,,,,,,,,,,,,,,,,,,,,,,,,,,,,,
206,r,l,l,r,l,l,l,l,l,l,l,l,l,l,l,l,l,r,r,r,l,l,l,r,l,r,l,r,r,r,l,r,l,l,r,r,l,r,r,r,l,r,l,r,r,r,r,r,l,l,l,r,,,,,,,,,,,,,,,,,,,,,,,,,,,,,,,,,
207,l,r,r,r,r,l,r,l,l,r,r,l,l,r,r,r,l,l,r,r,r,r,r,r,l,r,r,r,r,l,r,r,r,r,l,l,r,r,r,r,l,r,r,r,l,r,r,r,r,r,l,r,,,,,,,,,,,,,,,,,,,,,,,,,,,,,,,,,
208,l,l,r,r,l,l,r,r,l,r,l,r,l,l,r,l,l,r,r,l,l,l,l,r,r,r,r,r,r,r,r,r,r,l,l,r,r,l,r,r,r,r,r,r,l,l,r,l,r,r,r,r,,,,,,,,,,,,,,,,,,,,,,,,,,,,,,,,,
209,r,r,l,r,l,l,r,l,r,r,r,l,r,l,r,l,r,l,l,l,l,l,l,r,l,r,l,l,l,r,r,l,l,r,l,l,r,r,r,r,l,r,r,r,l,r,l,r,l,l,l,,,,,,,,,,,,,,,,,,,,,,,,,,,,,,,,,,
210,r,r,l,r,l,l,l,r,l,r,r,r,l,r,l,l,l,l,l,r,r,r,r,l,l,r,l,r,r,r,r,r,r,l,r,r,l,r,r,r,l,l,l,l,l,r,r,r,l,l,r,r,l,r,l,r,l,l,l,l,l,l,r,l,r,l,r,l,r,l,r,r,r,,,,,,,,,,,,
211,r,l,r,r,l,l,l,r,r,l,r,r,l,r,l,r,r,r,r,r,r,l,r,r,r,r,r,r,r,l,l,r,r,r,r,r,r,r,r,l,r,r,r,r,r,r,r,r,r,r,r,r,l,l,r,l,r,r,r,r,r,r,r,r,r,l,r,r,l,r,r,r,l,,,,,,,,,,,,
212,l,l,r,r,r,l,r,r,r,r,l,r,r,r,r,l,r,l,l,l,r,l,r,r,r,l,r,r,r,r,l,r,r,l,l,r,l,l,l,r,l,r,r,r,l,r,r,r,l,l,l,l,l,r,l,l,r,l,l,r,r,l,r,r,l,l,l,r,l,r,r,,,,,,,,,,,,,,
213,l,r,l,r,l,l,l,l,l,r,l,l,l,l,l,l,r,r,r,l,r,l,l,l,l,l,r,l,r,l,r,l,l,r,l,l,l,l,r,r,r,l,l,l,r,r,r,r,r,l,r,r,l,r,r,r,r,r,l,l,r,r,r,r,l,r,r,l,r,l,l,r,,,,,,,,,,,,,
214,l,r,l,l,r,l,r,r,r,l,l,l,l,l,r,r,l,l,r,l,r,r,l,l,r,r,l,r,r,l,r,l,r,r,l,r,r,r,l,r,l,r,l,r,l,r,r,r,r,l,l,r,l,r,r,r,r,l,r,l,l,l,l,r,l,r,l,l,l,r,r,l,,,,,,,,,,,,,
215,l,l,l,r,r,r,r,r,l,r,l,r,l,r,r,r,l,r,l,r,r,r,r,r,r,l,r,r,r,r,l,r,r,r,l,l,r,r,r,l,l,l,r,r,l,r,r,r,r,r,l,r,r,r,r,r,r,l,r,r,r,r,r,r,r,l,r,r,l,l,r,l,,,,,,,,,,,,,
216,r,r,r,l,l,l,l,r,r,r,r,l,r,l,l,r,r,r,r,l,r,r,r,r,l,r,r,r,r,r,l,l,r,r,l,l,r,r,r,r,l,l,r,l,l,r,l,r,r,r,r,l,r,l,r,r,l,l,l,r,l,,,,,,,,,,,,,,,,,,,,,,,,
217,r,l,l,l,r,l,l,l,l,l,l,l,l,l,r,l,l,l,l,l,l,l,l,r,r,r,r,r,l,l,r,l,r,l,r,r,l,l,l,l,l,l,l,l,l,l,l,l,l,l,l,r,r,r,r,l,r,l,r,r,r,,,,,,,,,,,,,,,,,,,,,,,,
218,l,l,r,l,l,r,l,r,l,l,r,l,l,l,r,l,l,r,l,l,l,l,l,l,l,l,l,l,l,l,l,l,r,r,l,l,l,r,l,l,l,l,r,l,r,r,l,r,l,l,l,l,l,l,l,l,l,l,l,l,l,,,,,,,,,,,,,,,,,,,,,,,,
219,l,l,r,l,l,l,r,l,l,l,l,l,r,l,l,l,l,r,r,r,l,l,l,l,r,r,l,l,l,l,l,r,l,l,l,l,l,l,r,r,r,r,l,r,r,l,l,l,l,l,r,l,l,l,r,r,r,r,r,l,,,,,,,,,,,,,,,,,,,,,,,,,
220,r,l,l,l,r,r,l,r,l,r,r,l,r,r,r,l,l,r,l,r,l,l,l,l,r,r,l,l,r,l,l,l,r,l,l,l,r,l,l,r,r,r,r,l,l,r,l,l,l,l,r,r,r,l,l,l,l,r,r,l,l,,,,,,,,,,,,,,,,,,,,,,,,
221,r,r,r,l,l,l,r,r,r,r,r,l,r,r,l,r,r,r,r,r,r,r,r,l,r,l,r,r,r,r,r,r,r,r,l,r,r,r,r,r,r,r,r,r,r,r,l,r,l,r,r,r,r,r,r,r,l,r,r,l,r,,,,,,,,,,,,,,,,,,,,,,,,
222,l,r,r,r,l,l,r,l,l,r,r,l,r,l,r,l,l,r,r,l,l,r,l,r,l,l,l,r,l,r,l,l,l,r,l,l,l,r,r,r,l,l,r,l,r,r,l,r,r,l,r,r,l,l,l,l,l,l,r,r,r,,,,,,,,,,,,,,,,,,,,,,,,
223,r,r,r,l,l,r,l,r,r,r,r,r,r,r,l,r,r,r,r,r,r,l,r,r,r,r,r,l,r,r,r,r,l,r,r,r,r,r,r,r,r,r,r,r,r,r,r,r,r,r,r,r,r,r,r,l,l,r,r,r,r,,,,,,,,,,,,,,,,,,,,,,,,
224,l,l,r,l,r,r,l,r,l,l,r,r,r,l,r,r,l,r,l,l,l,r,r,l,r,r,l,r,l,r,l,l,r,l,r,l,r,l,l,r,l,l,r,r,l,r,l,r,r,l,r,r,r,l,r,r,l,r,r,r,l,,,,,,,,,,,,,,,,,,,,,,,,
225,l,l,r,l,l,l,r,l,r,r,r,l,l,r,r,r,r,r,l,r,r,r,l,r,l,r,l,l,r,l,r,l,r,l,l,r,l,l,l,l,l,l,l,r,r,l,r,l,r,l,r,l,l,l,l,l,l,l,l,l,l,,,,,,,,,,,,,,,,,,,,,,,,
226,l,r,l,r,r,r,l,r,r,l,r,r,r,r,r,r,l,r,l,l,r,r,r,r,l,r,r,l,r,l,r,r,r,r,r,l,l,r,l,l,r,l,r,r,l,r,r,r,l,r,r,r,l,l,l,r,r,r,r,r,r,l,l,r,r,l,r,r,l,r,l,r,r,,,,,,,,,,,,
227,r,l,l,l,l,r,l,r,l,l,l,l,l,l,l,l,r,r,l,r,r,l,r,l,l,r,l,l,l,r,l,l,l,l,l,l,l,l,l,l,l,l,r,r,l,l,l,r,l,l,l,l,r,l,r,r,r,l,r,r,r,l,r,l,r,r,l,l,l,r,l,l,,,,,,,,,,,,,
228,l,l,l,r,r,r,l,r,l,r,r,r,l,l,l,l,l,r,l,l,r,l,l,r,l,l,l,r,r,l,r,r,r,l,r,l,l,l,r,l,l,r,l,l,r,l,l,r,r,r,l,r,l,l,l,l,r,l,l,r,l,r,l,r,r,l,l,l,l,l,r,r,,,,,,,,,,,,,
229,l,l,l,l,r,l,r,l,l,l,r,l,l,r,r,l,r,r,r,l,l,r,l,r,l,l,r,l,l,r,r,l,l,l,r,l,r,r,l,l,l,l,l,l,l,r,l,r,l,r,l,l,l,l,r,l,l,r,l,l,l,l,l,l,r,r,r,r,r,r,l,l,l,,,,,,,,,,,,
230,l,r,r,r,l,r,r,r,l,r,l,l,r,r,r,l,r,r,r,l,r,l,r,l,l,r,l,l,r,r,r,r,,,,,,,,,,,,,,,,,,,,,,,,,,,,,,,,,,,,,,,,,,,,,,,,,,,,,
231,l,l,l,l,l,r,r,l,l,l,r,l,r,l,l,l,r,l,l,r,r,l,l,r,l,l,l,l,l,l,l,r,,,,,,,,,,,,,,,,,,,,,,,,,,,,,,,,,,,,,,,,,,,,,,,,,,,,,
232,l,l,l,r,r,r,l,r,r,l,l,r,l,r,r,r,r,l,r,l,r,l,r,r,r,l,r,r,r,r,r,l,,,,,,,,,,,,,,,,,,,,,,,,,,,,,,,,,,,,,,,,,,,,,,,,,,,,,
233,l,r,r,l,r,l,r,r,l,l,l,r,r,l,l,r,l,r,l,r,l,r,r,l,r,l,r,l,r,l,l,r,,,,,,,,,,,,,,,,,,,,,,,,,,,,,,,,,,,,,,,,,,,,,,,,,,,,,
234,r,l,r,l,r,l,l,l,l,l,l,l,r,r,r,r,l,l,l,l,l,r,r,l,r,l,l,r,l,l,l,r,,,,,,,,,,,,,,,,,,,,,,,,,,,,,,,,,,,,,,,,,,,,,,,,,,,,,
235,l,r,r,r,l,l,l,r,l,r,r,r,r,l,l,l,l,l,r,l,l,r,l,r,l,l,l,l,r,l,r,l,,,,,,,,,,,,,,,,,,,,,,,,,,,,,,,,,,,,,,,,,,,,,,,,,,,,,
236,r,l,r,l,r,r,l,r,r,r,r,r,l,r,r,l,r,l,l,r,l,r,l,l,l,l,l,l,l,r,r,l,,,,,,,,,,,,,,,,,,,,,,,,,,,,,,,,,,,,,,,,,,,,,,,,,,,,,
237,r,l,l,r,r,r,l,r,r,l,r,r,r,r,r,r,l,r,r,l,r,l,r,l,l,l,r,r,l,l,l,l,,,,,,,,,,,,,,,,,,,,,,,,,,,,,,,,,,,,,,,,,,,,,,,,,,,,,
238,r,r,r,l,r,r,l,r,r,r,r,l,r,r,r,r,r,r,r,r,r,r,r,r,r,r,l,r,l,r,r,r,,,,,,,,,,,,,,,,,,,,,,,,,,,,,,,,,,,,,,,,,,,,,,,,,,,,,
239,r,r,r,l,l,l,l,r,l,l,l,l,l,l,l,l,l,l,l,r,l,l,l,r,l,l,r,l,r,l,r,l,,,,,,,,,,,,,,,,,,,,,,,,,,,,,,,,,,,,,,,,,,,,,,,,,,,,,
240,r,r,r,r,r,r,l,r,r,r,l,r,r,l,l,r,r,r,l,r,r,l,r,l,r,r,r,l,r,l,r,l,r,r,r,l,r,r,l,r,r,,,,,,,,,,,,,,,,,,,,,,,,,,,,,,,,,,,,,,,,,,,,
241,r,l,l,r,r,r,l,l,r,l,l,r,l,r,l,l,l,r,r,r,l,r,r,l,r,l,l,r,r,r,l,r,l,l,r,r,r,r,r,l,l,,,,,,,,,,,,,,,,,,,,,,,,,,,,,,,,,,,,,,,,,,,,
242,l,l,l,r,r,r,r,r,r,r,r,l,r,r,r,r,l,l,l,r,r,r,r,r,r,r,r,r,l,l,r,l,l,r,r,r,r,l,r,r,l,,,,,,,,,,,,,,,,,,,,,,,,,,,,,,,,,,,,,,,,,,,,
243,r,l,l,r,l,r,r,l,r,r,l,r,r,l,l,l,r,r,r,l,l,r,r,r,l,r,r,l,l,l,l,l,l,l,l,r,l,r,r,l,l,,,,,,,,,,,,,,,,,,,,,,,,,,,,,,,,,,,,,,,,,,,,
244,r,r,r,r,r,r,l,r,r,r,r,r,r,r,r,l,r,r,r,r,r,r,r,l,r,r,l,l,r,r,l,r,l,r,r,l,l,l,r,r,l,,,,,,,,,,,,,,,,,,,,,,,,,,,,,,,,,,,,,,,,,,,,
245,l,r,r,r,l,l,r,r,r,r,r,r,l,l,r,r,r,r,r,r,l,r,r,r,r,l,r,r,r,r,r,r,r,r,r,r,r,r,l,r,r,,,,,,,,,,,,,,,,,,,,,,,,,,,,,,,,,,,,,,,,,,,,
246,l,r,r,r,l,r,r,r,r,r,r,r,r,r,r,r,r,r,r,r,r,r,r,r,r,r,r,r,r,r,r,r,l,r,r,r,r,r,r,l,r,,,,,,,,,,,,,,,,,,,,,,,,,,,,,,,,,,,,,,,,,,,,
247,r,r,l,r,r,r,r,l,r,r,l,r,l,r,r,l,l,r,l,l,r,r,r,r,l,r,r,r,r,r,r,r,r,l,r,r,r,r,r,l,,,,,,,,,,,,,,,,,,,,,,,,,,,,,,,,,,,,,,,,,,,,,
248,l,l,l,l,l,l,r,l,l,l,l,l,l,l,l,l,l,l,l,l,r,l,l,l,r,l,l,l,l,l,l,l,l,l,l,l,l,l,l,l,l,,,,,,,,,,,,,,,,,,,,,,,,,,,,,,,,,,,,,,,,,,,,
249,l,r,r,l,r,l,r,r,r,r,r,r,r,r,r,r,r,r,r,l,r,r,l,l,r,l,r,l,r,l,r,r,r,r,l,r,r,r,r,r,r,,,,,,,,,,,,,,,,,,,,,,,,,,,,,,,,,,,,,,,,,,,,
250,r,l,l,l,l,l,l,l,l,l,l,r,r,l,r,l,l,l,l,l,l,l,l,l,l,l,r,l,l,l,l,l,l,l,r,l,l,r,l,l,l,l,r,l,l,l,l,l,l,r,l,l,l,l,l,l,l,l,l,l,l,l,l,,,,,,,,,,,,,,,,,,,,,,
251,r,r,r,l,r,r,l,r,r,r,r,r,r,r,r,l,r,r,l,l,r,l,l,l,r,l,r,l,r,r,l,l,l,r,l,r,r,l,r,l,r,r,r,r,l,r,r,r,r,r,l,r,r,l,r,l,l,l,r,l,r,r,r,,,,,,,,,,,,,,,,,,,,,,
252,l,r,r,r,l,r,r,l,l,l,r,r,l,l,l,l,r,l,l,r,l,r,l,l,r,r,r,r,r,l,r,l,r,r,l,r,r,r,l,r,l,r,l,l,l,l,l,r,l,l,l,r,l,l,l,r,l,r,l,l,r,l,r,,,,,,,,,,,,,,,,,,,,,,
253,r,r,l,r,r,r,l,l,r,r,r,l,r,r,l,r,r,l,r,r,r,l,r,r,l,l,l,r,r,r,l,r,r,r,l,r,l,r,r,r,r,r,r,l,r,l,r,r,r,r,r,l,r,r,r,l,l,l,r,r,l,r,l,,,,,,,,,,,,,,,,,,,,,,
254,l,r,l,l,r,r,r,l,l,r,l,l,l,r,r,r,l,r,l,l,l,r,l,r,r,r,r,l,l,r,l,l,r,l,r,r,l,l,r,r,r,l,r,r,r,r,r,l,l,l,l,r,r,r,l,l,r,r,l,r,l,r,r,,,,,,,,,,,,,,,,,,,,,,
255,l,l,l,r,l,l,l,l,l,l,l,l,l,r,l,l,l,l,l,r,l,l,l,l,l,l,l,r,l,l,l,l,r,l,r,l,l,l,l,l,l,l,l,l,l,l,l,l,r,l,l,l,l,l,l,l,l,l,l,r,l,l,l,,,,,,,,,,,,,,,,,,,,,,
256,l,l,l,r,r,r,r,r,l,l,r,r,l,r,r,r,l,l,r,r,r,l,r,r,r,r,r,r,r,l,r,l,r,l,l,r,l,l,r,r,r,r,l,l,l,r,l,r,r,l,r,r,l,r,r,r,l,r,l,l,r,r,r,,,,,,,,,,,,,,,,,,,,,,
257,l,r,r,r,r,r,l,r,r,l,l,l,r,l,l,l,r,r,r,l,r,r,r,r,r,l,r,l,r,l,r,l,r,r,l,r,r,r,l,l,r,r,l,l,r,l,r,l,r,r,l,r,l,r,r,l,l,r,l,r,r,l,l,,,,,,,,,,,,,,,,,,,,,,
258,l,l,l,l,l,l,l,l,r,l,r,r,l,l,r,l,l,l,l,l,r,l,r,l,l,l,l,r,l,r,l,l,l,r,r,l,r,r,l,l,r,l,l,r,l,l,l,l,l,r,l,r,l,r,l,l,r,r,l,r,l,l,l,,,,,,,,,,,,,,,,,,,,,,
259,r,r,r,r,r,r,r,l,r,l,l,r,r,r,r,l,r,l,r,r,r,r,r,r,r,r,r,r,r,r,r,r,r,r,r,r,l,r,r,r,r,r,r,r,r,l,r,r,r,r,r,r,l,r,l,r,r,l,r,l,r,r,r,,,,,,,,,,,,,,,,,,,,,,
260,r,r,l,r,r,r,r,r,l,r,r,r,r,l,r,l,l,r,r,,,,,,,,,,,,,,,,,,,,,,,,,,,,,,,,,,,,,,,,,,,,,,,,,,,,,,,,,,,,,,,,,,
261,r,r,r,r,r,r,r,r,r,r,r,r,r,r,r,r,r,r,r,,,,,,,,,,,,,,,,,,,,,,,,,,,,,,,,,,,,,,,,,,,,,,,,,,,,,,,,,,,,,,,,,,
262,l,l,l,r,r,r,l,l,l,r,r,r,r,l,l,r,r,l,r,,,,,,,,,,,,,,,,,,,,,,,,,,,,,,,,,,,,,,,,,,,,,,,,,,,,,,,,,,,,,,,,,,
263,r,l,r,l,l,r,r,r,r,r,r,l,l,l,l,l,r,r,r,,,,,,,,,,,,,,,,,,,,,,,,,,,,,,,,,,,,,,,,,,,,,,,,,,,,,,,,,,,,,,,,,,
264,r,l,r,l,l,r,r,r,l,r,l,r,r,l,l,r,r,l,r,,,,,,,,,,,,,,,,,,,,,,,,,,,,,,,,,,,,,,,,,,,,,,,,,,,,,,,,,,,,,,,,,,
265,r,l,r,r,r,r,r,r,l,l,r,r,r,r,l,l,l,r,l,,,,,,,,,,,,,,,,,,,,,,,,,,,,,,,,,,,,,,,,,,,,,,,,,,,,,,,,,,,,,,,,,,
266,r,l,l,l,r,l,l,l,l,l,l,l,l,l,r,l,l,l,r,,,,,,,,,,,,,,,,,,,,,,,,,,,,,,,,,,,,,,,,,,,,,,,,,,,,,,,,,,,,,,,,,,
267,l,r,r,r,l,r,r,r,l,l,r,l,r,l,r,l,r,r,l,,,,,,,,,,,,,,,,,,,,,,,,,,,,,,,,,,,,,,,,,,,,,,,,,,,,,,,,,,,,,,,,,,
268,l,l,l,r,l,l,l,r,l,r,l,l,l,l,l,l,l,l,l,,,,,,,,,,,,,,,,,,,,,,,,,,,,,,,,,,,,,,,,,,,,,,,,,,,,,,,,,,,,,,,,,,
269,l,r,l,r,r,l,r,r,l,l,l,l,l,l,l,l,l,r,l,,,,,,,,,,,,,,,,,,,,,,,,,,,,,,,,,,,,,,,,,,,,,,,,,,,,,,,,,,,,,,,,,,
270,l,l,l,l,l,l,r,r,r,r,l,l,r,r,r,l,r,r,r,l,l,l,r,l,l,r,l,l,l,l,l,r,r,r,,,,,,,,,,,,,,,,,,,,,,,,,,,,,,,,,,,,,,,,,,,,,,,,,,,
271,l,r,l,l,r,l,r,r,r,l,l,r,r,l,l,l,l,l,r,r,r,r,l,r,r,r,l,r,l,r,l,l,r,l,,,,,,,,,,,,,,,,,,,,,,,,,,,,,,,,,,,,,,,,,,,,,,,,,,,
272,l,l,l,l,l,l,l,r,l,l,l,r,l,r,l,l,r,r,l,l,l,l,l,l,r,l,l,r,l,l,l,l,l,r,,,,,,,,,,,,,,,,,,,,,,,,,,,,,,,,,,,,,,,,,,,,,,,,,,,
273,l,r,r,r,l,r,r,r,r,r,l,r,r,r,l,r,r,l,r,l,l,r,r,l,l,r,r,r,r,l,r,r,l,r,,,,,,,,,,,,,,,,,,,,,,,,,,,,,,,,,,,,,,,,,,,,,,,,,,,
274,l,r,r,r,r,r,l,l,r,r,r,l,r,r,r,r,r,r,r,r,r,r,r,r,r,r,l,l,l,r,r,l,r,r,,,,,,,,,,,,,,,,,,,,,,,,,,,,,,,,,,,,,,,,,,,,,,,,,,,
275,r,l,r,r,r,r,r,r,l,r,r,r,r,r,r,r,l,l,r,r,r,r,l,r,r,r,r,l,r,l,l,l,r,l,,,,,,,,,,,,,,,,,,,,,,,,,,,,,,,,,,,,,,,,,,,,,,,,,,,
276,r,l,r,l,l,l,l,l,l,l,l,r,l,r,l,l,r,r,r,r,l,r,l,r,l,l,l,r,r,l,l,l,l,l,,,,,,,,,,,,,,,,,,,,,,,,,,,,,,,,,,,,,,,,,,,,,,,,,,,
277,r,r,r,l,r,l,l,l,l,l,l,l,l,r,r,l,l,r,l,l,l,r,r,l,l,l,r,l,l,l,r,r,l,l,,,,,,,,,,,,,,,,,,,,,,,,,,,,,,,,,,,,,,,,,,,,,,,,,,,
278,l,r,r,r,r,r,l,r,r,l,r,l,l,r,r,l,r,r,r,r,r,l,r,r,l,r,l,r,r,l,r,r,r,,,,,,,,,,,,,,,,,,,,,,,,,,,,,,,,,,,,,,,,,,,,,,,,,,,,
279,l,l,r,l,l,l,l,r,l,r,r,r,r,l,l,r,l,r,r,l,l,l,l,r,l,l,r,l,l,l,l,l,l,,,,,,,,,,,,,,,,,,,,,,,,,,,,,,,,,,,,,,,,,,,,,,,,,,,,
280,r,l,l,l,l,l,r,r,l,r,l,l,r,r,l,r,r,l,l,r,l,l,l,r,r,r,r,r,l,r,l,l,r,l,l,r,r,l,l,l,l,r,l,l,l,r,r,l,r,l,l,l,l,r,l,r,r,r,r,l,r,r,l,l,r,r,r,r,r,,,,,,,,,,,,,,,,
281,l,r,l,l,l,l,l,l,l,r,r,l,l,l,r,l,l,r,l,r,l,r,l,r,l,r,l,l,r,l,l,l,r,r,l,l,l,l,l,l,l,r,r,r,r,r,l,l,r,r,l,l,l,l,l,l,l,l,l,r,r,l,l,r,l,r,l,r,r,,,,,,,,,,,,,,,,
282,l,r,r,l,l,l,l,r,l,r,r,r,l,r,l,r,l,r,r,l,r,l,r,r,r,r,l,l,l,r,l,r,r,r,l,r,l,r,l,l,l,l,l,l,r,r,r,l,r,r,l,r,l,r,r,l,l,r,l,l,l,r,l,l,l,l,r,l,l,,,,,,,,,,,,,,,,
283,l,l,l,l,l,r,l,r,l,r,l,r,l,l,l,l,l,l,l,l,l,l,r,l,l,l,l,r,r,r,l,l,r,r,l,r,r,r,r,l,r,l,r,l,l,l,r,r,r,l,l,l,r,l,l,r,l,l,r,r,l,r,l,l,r,l,r,l,l,,,,,,,,,,,,,,,,
284,r,l,l,l,l,l,r,r,r,r,l,l,r,l,l,r,l,l,l,r,r,r,l,r,r,r,l,l,r,l,l,r,l,r,r,r,l,r,l,r,r,l,r,l,r,r,r,l,l,l,l,l,r,l,r,r,r,l,l,l,r,r,r,l,l,r,r,l,l,,,,,,,,,,,,,,,,
285,l,l,l,l,r,l,l,l,l,l,l,l,l,l,l,r,r,l,l,l,r,l,r,r,l,l,l,l,l,l,l,l,r,r,l,r,l,l,l,l,l,r,l,l,l,l,l,l,l,l,l,l,l,l,l,r,l,l,r,l,l,l,l,l,l,r,l,l,l,,,,,,,,,,,,,,,,
286,r,l,l,r,r,l,l,l,r,l,l,r,l,r,l,l,r,r,l,r,l,l,r,r,l,l,l,r,l,r,l,l,l,l,r,l,r,l,l,l,r,l,r,r,r,r,l,l,l,l,l,l,r,r,r,r,l,l,l,r,l,r,r,l,r,l,l,l,l,,,,,,,,,,,,,,,,
287,l,l,l,r,l,l,r,l,r,r,r,r,r,l,l,r,l,l,l,l,l,r,l,r,l,l,r,l,r,r,l,r,r,l,l,l,r,r,r,l,r,l,r,r,r,l,l,r,l,l,l,r,l,l,r,l,l,r,l,l,r,l,l,l,r,r,r,r,r,,,,,,,,,,,,,,,,
288,r,l,l,r,r,r,r,l,r,l,l,l,r,r,r,l,l,l,r,l,r,r,l,r,l,r,r,r,l,l,r,l,l,r,l,r,l,r,l,l,l,l,r,l,l,l,l,l,l,r,r,r,l,l,l,r,l,l,r,r,l,r,l,r,r,r,r,l,l,,,,,,,,,,,,,,,,
289,l,l,l,l,l,r,r,r,l,l,r,l,r,r,r,r,l,r,r,l,r,l,r,l,r,r,l,l,r,r,l,r,l,l,r,r,l,r,l,l,r,r,r,l,r,r,l,r,l,r,r,r,l,l,l,r,r,r,l,r,l,r,r,r,r,r,r,l,l,,,,,,,,,,,,,,,,
290,l,l,l,r,l,l,l,l,r,l,l,l,l,l,l,r,r,l,l,l,l,l,l,l,l,l,,,,,,,,,,,,,,,,,,,,,,,,,,,,,,,,,,,,,,,,,,,,,,,,,,,,,,,,,,,
291,l,r,r,r,l,l,l,r,r,r,l,l,l,l,r,l,l,l,l,r,l,l,l,l,l,l,,,,,,,,,,,,,,,,,,,,,,,,,,,,,,,,,,,,,,,,,,,,,,,,,,,,,,,,,,,
292,r,r,r,r,r,r,r,r,r,r,r,r,r,r,r,r,r,r,r,l,r,r,r,r,r,r,,,,,,,,,,,,,,,,,,,,,,,,,,,,,,,,,,,,,,,,,,,,,,,,,,,,,,,,,,,
293,l,r,l,r,r,l,r,r,r,l,l,l,l,l,l,r,l,r,l,l,l,l,l,l,l,r,,,,,,,,,,,,,,,,,,,,,,,,,,,,,,,,,,,,,,,,,,,,,,,,,,,,,,,,,,,
294,l,r,l,l,r,r,r,r,l,r,r,r,r,l,r,l,r,l,r,r,r,r,r,r,r,l,,,,,,,,,,,,,,,,,,,,,,,,,,,,,,,,,,,,,,,,,,,,,,,,,,,,,,,,,,,
295,l,l,r,r,l,l,r,l,r,r,r,r,l,r,l,r,r,l,l,r,l,l,l,r,l,r,,,,,,,,,,,,,,,,,,,,,,,,,,,,,,,,,,,,,,,,,,,,,,,,,,,,,,,,,,,
296,l,l,l,r,r,l,l,l,l,l,l,l,l,l,l,l,l,l,l,l,l,l,l,l,l,l,,,,,,,,,,,,,,,,,,,,,,,,,,,,,,,,,,,,,,,,,,,,,,,,,,,,,,,,,,,
297,r,r,r,r,l,r,r,r,r,r,r,r,r,r,l,r,r,r,l,l,r,r,l,r,l,r,,,,,,,,,,,,,,,,,,,,,,,,,,,,,,,,,,,,,,,,,,,,,,,,,,,,,,,,,,,
298,r,r,r,r,l,r,l,l,r,r,r,r,r,r,r,r,r,r,r,l,r,r,r,r,r,r,,,,,,,,,,,,,,,,,,,,,,,,,,,,,,,,,,,,,,,,,,,,,,,,,,,,,,,,,,,
299,r,r,l,l,l,l,l,r,r,r,l,l,l,l,r,l,l,l,l,l,l,r,r,r,r,r,,,,,,,,,,,,,,,,,,,,,,,,,,,,,,,,,,,,,,,,,,,,,,,,,,,,,,,,,,,
300,r,l,r,r,r,l,l,l,r,l,r,l,l,l,r,l,r,l,l,r,l,r,l,l,r,r,l,r,l,r,r,l,r,l,r,l,l,r,l,,,,,,,,,,,,,,,,,,,,,,,,,,,,,,,,,,,,,,,,,,,,,,
301,l,l,l,l,l,l,l,l,l,r,l,l,l,l,r,l,l,l,l,r,l,l,l,l,r,l,l,l,l,r,l,l,r,l,l,r,l,l,l,,,,,,,,,,,,,,,,,,,,,,,,,,,,,,,,,,,,,,,,,,,,,,
302,l,l,l,l,l,l,l,l,l,l,l,l,l,l,l,r,l,l,l,r,l,l,l,l,r,l,r,r,l,l,l,l,r,r,l,l,l,l,l,,,,,,,,,,,,,,,,,,,,,,,,,,,,,,,,,,,,,,,,,,,,,,
303,r,l,r,l,l,l,l,l,r,l,r,l,r,r,l,l,l,r,r,r,l,r,l,r,r,r,r,l,r,l,l,l,r,l,l,l,r,l,l,,,,,,,,,,,,,,,,,,,,,,,,,,,,,,,,,,,,,,,,,,,,,,
304,l,r,l,r,l,l,l,r,r,l,r,r,l,r,r,l,r,l,r,l,l,r,r,r,r,l,r,l,l,r,l,l,r,r,l,l,r,l,r,,,,,,,,,,,,,,,,,,,,,,,,,,,,,,,,,,,,,,,,,,,,,,
305,l,l,r,l,l,r,r,l,l,r,r,l,l,r,l,r,l,l,l,l,r,l,l,r,r,r,l,l,r,r,r,r,r,r,l,l,l,l,r,,,,,,,,,,,,,,,,,,,,,,,,,,,,,,,,,,,,,,,,,,,,,,
306,l,r,r,l,l,r,l,r,l,l,r,r,r,r,r,r,r,r,r,r,l,l,r,l,r,l,l,l,l,r,l,l,l,l,l,r,l,l,l,,,,,,,,,,,,,,,,,,,,,,,,,,,,,,,,,,,,,,,,,,,,,,
307,l,r,l,l,l,r,l,r,l,l,r,l,r,l,l,l,l,l,r,r,r,r,l,l,l,l,r,r,r,r,l,r,l,l,r,l,l,r,l,,,,,,,,,,,,,,,,,,,,,,,,,,,,,,,,,,,,,,,,,,,,,,
308,l,l,l,l,l,l,l,l,l,r,l,l,l,r,l,l,l,l,l,r,l,l,l,r,l,l,l,l,l,l,l,l,l,l,l,l,r,l,l,,,,,,,,,,,,,,,,,,,,,,,,,,,,,,,,,,,,,,,,,,,,,,
309,l,l,l,l,l,l,l,l,l,l,r,r,l,l,l,l,l,l,l,l,l,l,l,l,l,r,l,l,r,l,l,l,r,l,r,r,l,l,l,,,,,,,,,,,,,,,,,,,,,,,,,,,,,,,,,,,,,,,,,,,,,,
310,r,l,r,l,r,l,l,r,r,l,r,l,r,r,r,r,r,l,r,l,r,r,l,l,l,l,l,r,r,r,r,l,r,r,r,,,,,,,,,,,,,,,,,,,,,,,,,,,,,,,,,,,,,,,,,,,,,,,,,,
311,r,l,l,r,r,r,r,l,r,l,r,l,r,r,r,r,r,r,l,r,l,l,l,r,r,r,l,r,r,r,r,r,l,r,r,,,,,,,,,,,,,,,,,,,,,,,,,,,,,,,,,,,,,,,,,,,,,,,,,,
312,r,r,r,r,r,r,r,r,r,r,r,r,l,r,l,r,r,r,r,r,r,r,r,r,r,l,r,r,r,r,r,r,r,r,r,,,,,,,,,,,,,,,,,,,,,,,,,,,,,,,,,,,,,,,,,,,,,,,,,,
313,r,l,l,l,l,l,l,r,l,l,r,l,r,r,l,r,l,r,l,r,r,r,r,l,r,l,l,l,r,l,l,r,r,l,l,,,,,,,,,,,,,,,,,,,,,,,,,,,,,,,,,,,,,,,,,,,,,,,,,,
314,r,r,r,r,r,r,r,r,r,r,l,r,r,r,r,r,r,r,r,r,r,l,l,r,r,l,r,l,l,r,r,r,r,r,r,,,,,,,,,,,,,,,,,,,,,,,,,,,,,,,,,,,,,,,,,,,,,,,,,,
315,r,l,r,r,l,r,r,l,r,l,l,l,r,r,l,l,r,r,r,r,r,r,l,l,r,r,r,l,r,l,l,r,l,r,l,,,,,,,,,,,,,,,,,,,,,,,,,,,,,,,,,,,,,,,,,,,,,,,,,,
316,l,l,l,l,l,l,l,l,l,l,l,r,l,l,r,l,l,l,r,l,l,r,r,l,r,r,r,l,r,l,r,l,r,l,l,,,,,,,,,,,,,,,,,,,,,,,,,,,,,,,,,,,,,,,,,,,,,,,,,,
317,r,l,l,l,r,r,r,r,r,r,l,l,l,r,r,r,r,l,l,r,r,r,l,l,r,l,l,l,l,l,l,l,r,l,r,,,,,,,,,,,,,,,,,,,,,,,,,,,,,,,,,,,,,,,,,,,,,,,,,,
318,r,r,r,r,r,r,l,r,r,l,l,r,l,l,r,r,r,r,l,r,l,l,r,r,l,r,r,r,l,r,r,l,r,r,r,,,,,,,,,,,,,,,,,,,,,,,,,,,,,,,,,,,,,,,,,,,,,,,,,,
319,r,r,r,r,l,l,l,r,r,r,r,r,l,r,r,r,r,r,r,l,l,l,l,r,l,l,l,r,l,r,r,r,r,l,l,,,,,,,,,,,,,,,,,,,,,,,,,,,,,,,,,,,,,,,,,,,,,,,,,,
320,r,l,l,l,r,l,r,r,r,r,r,r,l,r,l,l,r,r,r,r,l,l,r,,,,,,,,,,,,,,,,,,,,,,,,,,,,,,,,,,,,,,,,,,,,,,,,,,,,,,,,,,,,,,
321,r,l,l,l,l,l,l,r,l,r,r,l,r,l,l,l,r,l,r,l,r,l,l,,,,,,,,,,,,,,,,,,,,,,,,,,,,,,,,,,,,,,,,,,,,,,,,,,,,,,,,,,,,,,
322,r,r,l,l,l,r,l,r,r,r,l,r,r,l,l,r,r,l,l,l,r,l,l,,,,,,,,,,,,,,,,,,,,,,,,,,,,,,,,,,,,,,,,,,,,,,,,,,,,,,,,,,,,,,
323,r,l,r,r,l,r,l,r,l,r,l,r,r,r,l,r,r,r,r,r,r,r,l,,,,,,,,,,,,,,,,,,,,,,,,,,,,,,,,,,,,,,,,,,,,,,,,,,,,,,,,,,,,,,
324,l,l,l,l,r,r,r,l,r,l,l,r,l,l,r,r,l,l,l,l,r,r,l,,,,,,,,,,,,,,,,,,,,,,,,,,,,,,,,,,,,,,,,,,,,,,,,,,,,,,,,,,,,,,
325,l,l,r,l,l,l,l,l,l,l,l,l,l,r,l,l,l,l,l,l,l,r,l,,,,,,,,,,,,,,,,,,,,,,,,,,,,,,,,,,,,,,,,,,,,,,,,,,,,,,,,,,,,,,
326,l,l,r,l,l,r,r,l,l,l,l,r,l,l,l,r,r,r,r,l,l,l,l,,,,,,,,,,,,,,,,,,,,,,,,,,,,,,,,,,,,,,,,,,,,,,,,,,,,,,,,,,,,,,
327,r,l,r,l,r,r,r,r,r,r,l,r,r,l,r,r,r,r,r,l,r,r,r,,,,,,,,,,,,,,,,,,,,,,,,,,,,,,,,,,,,,,,,,,,,,,,,,,,,,,,,,,,,,,
328,r,l,l,r,l,r,l,l,l,l,r,r,r,l,l,l,l,l,r,l,r,l,l,,,,,,,,,,,,,,,,,,,,,,,,,,,,,,,,,,,,,,,,,,,,,,,,,,,,,,,,,,,,,,
329,r,r,r,r,l,l,r,r,l,l,r,r,r,l,r,l,l,r,r,r,l,l,r,,,,,,,,,,,,,,,,,,,,,,,,,,,,,,,,,,,,,,,,,,,,,,,,,,,,,,,,,,,,,,
330,l,l,l,l,r,l,l,l,l,l,r,l,l,l,r,l,r,l,r,l,l,l,l,l,l,r,l,l,l,l,r,l,r,l,l,r,l,r,l,,,,,,,,,,,,,,,,,,,,,,,,,,,,,,,,,,,,,,,,,,,,,,
331,r,l,l,l,r,r,l,r,l,r,l,r,r,r,r,r,l,r,r,r,l,r,r,r,l,l,l,r,l,l,r,l,l,l,l,l,l,r,l,,,,,,,,,,,,,,,,,,,,,,,,,,,,,,,,,,,,,,,,,,,,,,
332,l,r,r,l,r,r,r,l,l,r,l,r,r,r,r,l,r,r,l,r,r,l,l,l,l,r,r,l,l,l,r,r,r,l,l,l,r,l,l,,,,,,,,,,,,,,,,,,,,,,,,,,,,,,,,,,,,,,,,,,,,,,
333,l,l,l,l,l,l,l,l,l,l,l,l,l,l,l,l,l,l,l,l,l,l,l,l,l,l,l,l,l,l,l,l,l,l,l,l,l,l,l,,,,,,,,,,,,,,,,,,,,,,,,,,,,,,,,,,,,,,,,,,,,,,
334,l,l,l,r,l,l,l,r,r,r,r,r,r,l,r,l,r,l,r,r,l,l,r,r,l,r,l,r,r,l,r,r,l,r,r,r,l,l,r,,,,,,,,,,,,,,,,,,,,,,,,,,,,,,,,,,,,,,,,,,,,,,
335,l,l,r,l,r,r,r,l,l,r,l,l,l,l,l,l,r,l,r,r,r,l,l,l,l,r,r,l,l,l,l,l,l,r,r,l,r,r,l,,,,,,,,,,,,,,,,,,,,,,,,,,,,,,,,,,,,,,,,,,,,,,
336,r,l,r,r,l,l,r,l,r,r,l,l,l,l,l,r,r,l,l,r,r,r,l,l,r,r,l,l,l,r,r,r,r,r,r,r,l,l,l,,,,,,,,,,,,,,,,,,,,,,,,,,,,,,,,,,,,,,,,,,,,,,
337,r,r,l,r,r,r,l,r,r,r,r,r,r,r,r,r,r,r,r,r,r,r,r,r,r,l,l,r,r,r,r,r,r,l,r,r,r,r,r,,,,,,,,,,,,,,,,,,,,,,,,,,,,,,,,,,,,,,,,,,,,,,
338,l,l,r,l,l,l,l,l,l,l,r,l,r,r,r,l,l,l,l,l,l,l,l,l,l,r,r,l,l,l,l,l,r,l,l,l,l,l,l,,,,,,,,,,,,,,,,,,,,,,,,,,,,,,,,,,,,,,,,,,,,,,
339,r,r,r,l,r,r,r,r,l,l,r,l,r,l,l,r,r,r,r,l,r,r,l,r,l,r,l,r,l,l,l,l,l,l,r,l,r,l,l,,,,,,,,,,,,,,,,,,,,,,,,,,,,,,,,,,,,,,,,,,,,,,
340,r,l,r,r,l,l,l,l,l,l,l,r,r,l,l,r,r,l,l,l,r,r,l,r,r,,,,,,,,,,,,,,,,,,,,,,,,,,,,,,,,,,,,,,,,,,,,,,,,,,,,,,,,,,,,
341,l,l,r,l,l,l,l,l,l,l,l,r,l,l,r,l,r,r,l,l,l,l,l,l,l,,,,,,,,,,,,,,,,,,,,,,,,,,,,,,,,,,,,,,,,,,,,,,,,,,,,,,,,,,,,
342,l,r,l,r,r,r,l,r,l,l,l,l,l,l,r,r,l,l,l,l,l,l,r,l,l,,,,,,,,,,,,,,,,,,,,,,,,,,,,,,,,,,,,,,,,,,,,,,,,,,,,,,,,,,,,
343,r,r,r,l,r,l,r,l,r,l,r,r,r,r,r,l,l,r,r,l,r,r,r,r,l,,,,,,,,,,,,,,,,,,,,,,,,,,,,,,,,,,,,,,,,,,,,,,,,,,,,,,,,,,,,
344,r,l,r,r,r,l,r,l,r,r,r,r,l,l,l,l,l,l,r,l,r,r,l,r,l,,,,,,,,,,,,,,,,,,,,,,,,,,,,,,,,,,,,,,,,,,,,,,,,,,,,,,,,,,,,
345,r,l,r,r,r,r,r,r,r,r,l,r,l,l,l,l,r,r,r,r,r,r,r,r,r,,,,,,,,,,,,,,,,,,,,,,,,,,,,,,,,,,,,,,,,,,,,,,,,,,,,,,,,,,,,
346,l,l,r,l,r,l,l,l,r,r,l,l,l,l,r,l,l,r,l,l,l,r,r,l,l,,,,,,,,,,,,,,,,,,,,,,,,,,,,,,,,,,,,,,,,,,,,,,,,,,,,,,,,,,,,
347,l,r,l,r,r,r,r,r,r,l,r,l,r,r,r,l,r,r,r,r,r,r,r,r,r,,,,,,,,,,,,,,,,,,,,,,,,,,,,,,,,,,,,,,,,,,,,,,,,,,,,,,,,,,,,
348,l,r,r,l,l,l,r,l,r,l,l,r,l,l,l,r,r,l,l,r,l,l,l,l,r,,,,,,,,,,,,,,,,,,,,,,,,,,,,,,,,,,,,,,,,,,,,,,,,,,,,,,,,,,,,
349,r,r,r,l,r,r,r,r,r,l,r,l,r,r,r,r,r,r,r,r,l,l,r,l,l,,,,,,,,,,,,,,,,,,,,,,,,,,,,,,,,,,,,,,,,,,,,,,,,,,,,,,,,,,,,
350,r,r,r,l,r,r,r,r,l,r,r,l,r,r,r,l,r,l,r,l,l,r,l,l,r,r,l,r,r,r,l,l,l,,,,,,,,,,,,,,,,,,,,,,,,,,,,,,,,,,,,,,,,,,,,,,,,,,,,
351,r,l,l,l,l,l,r,l,l,r,r,l,l,l,l,l,l,l,l,l,l,l,l,r,l,r,l,r,r,r,l,l,l,,,,,,,,,,,,,,,,,,,,,,,,,,,,,,,,,,,,,,,,,,,,,,,,,,,,
352,r,l,l,r,r,r,r,r,l,r,r,r,r,r,r,r,r,r,l,r,r,r,l,r,r,r,r,r,r,r,r,r,r,,,,,,,,,,,,,,,,,,,,,,,,,,,,,,,,,,,,,,,,,,,,,,,,,,,,
353,l,r,l,r,r,r,l,r,r,l,l,r,r,r,l,l,r,l,r,l,r,r,r,r,l,r,l,r,l,r,l,r,r,,,,,,,,,,,,,,,,,,,,,,,,,,,,,,,,,,,,,,,,,,,,,,,,,,,,
354,l,l,l,l,l,l,r,l,l,r,l,l,r,l,r,l,l,l,l,l,l,l,l,l,l,r,l,l,r,l,l,l,l,,,,,,,,,,,,,,,,,,,,,,,,,,,,,,,,,,,,,,,,,,,,,,,,,,,,
355,l,r,l,l,l,r,l,r,l,l,l,l,l,r,l,l,l,l,l,l,r,l,r,l,l,l,r,l,l,l,l,l,l,,,,,,,,,,,,,,,,,,,,,,,,,,,,,,,,,,,,,,,,,,,,,,,,,,,,
356,r,l,r,l,l,l,l,r,r,l,r,r,r,r,r,l,l,l,r,l,l,l,l,r,l,l,r,l,l,r,l,l,r,,,,,,,,,,,,,,,,,,,,,,,,,,,,,,,,,,,,,,,,,,,,,,,,,,,,
357,r,r,r,l,r,r,r,r,r,r,r,r,r,r,r,l,r,r,l,r,r,r,r,r,r,r,r,r,r,r,r,r,r,,,,,,,,,,,,,,,,,,,,,,,,,,,,,,,,,,,,,,,,,,,,,,,,,,,,
358,r,l,l,r,r,l,r,r,r,r,r,l,l,r,r,r,r,l,r,l,l,r,r,r,r,r,l,r,l,r,r,r,l,,,,,,,,,,,,,,,,,,,,,,,,,,,,,,,,,,,,,,,,,,,,,,,,,,,,
359,r,l,l,l,l,l,r,r,r,l,r,l,r,l,r,r,r,l,r,l,l,r,l,l,l,l,l,l,l,r,l,l,r,,,,,,,,,,,,,,,,,,,,,,,,,,,,,,,,,,,,,,,,,,,,,,,,,,,,
360,r,l,r,l,r,r,r,r,r,r,r,r,l,l,r,r,l,l,r,l,,,,,,,,,,,,,,,,,,,,,,,,,,,,,,,,,,,,,,,,,,,,,,,,,,,,,,,,,,,,,,,,,
361,l,l,l,r,r,l,l,r,r,l,r,r,r,r,l,r,r,r,r,r,,,,,,,,,,,,,,,,,,,,,,,,,,,,,,,,,,,,,,,,,,,,,,,,,,,,,,,,,,,,,,,,,
362,r,l,l,l,l,l,l,r,l,r,r,r,r,r,l,r,r,l,l,l,,,,,,,,,,,,,,,,,,,,,,,,,,,,,,,,,,,,,,,,,,,,,,,,,,,,,,,,,,,,,,,,,
363,r,l,l,r,r,l,r,l,l,l,r,r,l,l,r,l,l,r,r,l,,,,,,,,,,,,,,,,,,,,,,,,,,,,,,,,,,,,,,,,,,,,,,,,,,,,,,,,,,,,,,,,,
364,r,l,r,r,l,r,l,l,r,r,r,l,l,l,r,r,r,r,r,l,,,,,,,,,,,,,,,,,,,,,,,,,,,,,,,,,,,,,,,,,,,,,,,,,,,,,,,,,,,,,,,,,
365,l,l,r,r,l,r,r,l,r,r,l,l,l,l,l,l,l,l,l,l,,,,,,,,,,,,,,,,,,,,,,,,,,,,,,,,,,,,,,,,,,,,,,,,,,,,,,,,,,,,,,,,,
366,r,l,l,r,l,l,l,r,l,l,l,r,r,r,l,r,r,l,l,l,,,,,,,,,,,,,,,,,,,,,,,,,,,,,,,,,,,,,,,,,,,,,,,,,,,,,,,,,,,,,,,,,
367,r,l,l,l,r,r,r,l,r,l,r,r,r,r,l,r,l,r,r,l,,,,,,,,,,,,,,,,,,,,,,,,,,,,,,,,,,,,,,,,,,,,,,,,,,,,,,,,,,,,,,,,,
368,l,l,l,r,l,l,l,l,l,l,l,l,l,l,l,l,r,l,l,l,,,,,,,,,,,,,,,,,,,,,,,,,,,,,,,,,,,,,,,,,,,,,,,,,,,,,,,,,,,,,,,,,
369,r,l,r,l,l,r,l,l,r,r,r,r,r,r,r,r,r,l,r,l,,,,,,,,,,,,,,,,,,,,,,,,,,,,,,,,,,,,,,,,,,,,,,,,,,,,,,,,,,,,,,,,,
370,l,r,r,r,r,l,r,r,r,r,r,r,r,r,r,l,r,r,r,l,r,l,l,r,r,r,,,,,,,,,,,,,,,,,,,,,,,,,,,,,,,,,,,,,,,,,,,,,,,,,,,,,,,,,,,
371,l,r,l,r,r,r,l,r,r,r,l,l,l,r,r,l,r,r,l,l,l,r,l,l,r,r,,,,,,,,,,,,,,,,,,,,,,,,,,,,,,,,,,,,,,,,,,,,,,,,,,,,,,,,,,,
372,l,l,l,r,l,l,r,r,l,l,r,r,l,r,l,r,r,l,l,r,l,l,l,r,l,r,,,,,,,,,,,,,,,,,,,,,,,,,,,,,,,,,,,,,,,,,,,,,,,,,,,,,,,,,,,
373,l,l,l,l,l,r,l,l,l,l,l,l,l,l,l,r,l,l,l,l,l,l,l,r,l,r,,,,,,,,,,,,,,,,,,,,,,,,,,,,,,,,,,,,,,,,,,,,,,,,,,,,,,,,,,,
374,l,r,r,r,r,r,r,r,r,r,l,l,r,r,r,l,r,l,l,r,l,r,r,r,l,r,,,,,,,,,,,,,,,,,,,,,,,,,,,,,,,,,,,,,,,,,,,,,,,,,,,,,,,,,,,
375,r,l,l,r,r,l,l,l,l,l,l,l,l,l,l,l,l,l,r,l,l,l,l,r,r,l,,,,,,,,,,,,,,,,,,,,,,,,,,,,,,,,,,,,,,,,,,,,,,,,,,,,,,,,,,,
376,l,r,r,r,l,r,r,r,l,l,r,r,r,l,l,r,r,r,r,r,r,r,r,r,l,r,,,,,,,,,,,,,,,,,,,,,,,,,,,,,,,,,,,,,,,,,,,,,,,,,,,,,,,,,,,
377,l,l,l,l,l,l,l,l,l,r,l,l,l,l,l,l,l,l,l,l,l,l,l,r,l,l,,,,,,,,,,,,,,,,,,,,,,,,,,,,,,,,,,,,,,,,,,,,,,,,,,,,,,,,,,,
378,r,r,r,r,r,r,l,l,r,r,r,r,r,r,r,l,r,r,r,r,r,r,l,l,r,r,,,,,,,,,,,,,,,,,,,,,,,,,,,,,,,,,,,,,,,,,,,,,,,,,,,,,,,,,,,
379,r,l,r,r,r,l,l,l,l,l,l,l,l,r,l,r,l,r,l,r,r,l,l,l,l,r,,,,,,,,,,,,,,,,,,,,,,,,,,,,,,,,,,,,,,,,,,,,,,,,,,,,,,,,,,,
380,r,r,r,l,l,l,r,r,l,l,r,r,l,l,r,l,r,l,r,r,r,r,r,l,r,r,l,r,r,r,r,r,l,r,,,,,,,,,,,,,,,,,,,,,,,,,,,,,,,,,,,,,,,,,,,,,,,,,,,
381,l,l,r,l,l,r,l,l,l,l,r,r,r,r,r,r,r,r,l,r,r,r,l,r,r,r,l,l,r,r,l,r,l,r,,,,,,,,,,,,,,,,,,,,,,,,,,,,,,,,,,,,,,,,,,,,,,,,,,,
382,l,r,l,r,l,l,l,l,r,l,l,l,l,l,l,r,l,l,l,l,l,l,r,l,l,l,l,r,l,l,r,l,l,l,,,,,,,,,,,,,,,,,,,,,,,,,,,,,,,,,,,,,,,,,,,,,,,,,,,
383,r,r,l,l,l,l,l,l,l,l,l,r,r,l,l,l,l,l,l,r,l,l,r,l,l,l,l,l,l,l,l,l,l,r,,,,,,,,,,,,,,,,,,,,,,,,,,,,,,,,,,,,,,,,,,,,,,,,,,,
384,l,r,r,r,l,r,r,r,r,r,r,r,r,r,r,r,r,r,r,r,r,r,r,r,r,r,r,r,r,l,r,r,r,r,,,,,,,,,,,,,,,,,,,,,,,,,,,,,,,,,,,,,,,,,,,,,,,,,,,
385,r,r,r,r,r,r,r,r,r,r,r,r,r,r,r,r,r,r,r,r,r,r,r,r,r,r,r,r,r,r,r,r,r,r,,,,,,,,,,,,,,,,,,,,,,,,,,,,,,,,,,,,,,,,,,,,,,,,,,,
386,l,r,r,r,l,l,r,r,r,l,r,l,l,r,l,l,l,l,l,r,r,r,r,l,r,r,l,l,r,r,r,r,r,r,,,,,,,,,,,,,,,,,,,,,,,,,,,,,,,,,,,,,,,,,,,,,,,,,,,
387,r,r,r,r,r,r,l,r,r,r,r,r,r,r,r,r,r,r,r,r,r,r,r,r,r,r,r,r,r,r,r,r,r,r,,,,,,,,,,,,,,,,,,,,,,,,,,,,,,,,,,,,,,,,,,,,,,,,,,,
388,r,l,r,r,r,r,r,l,l,r,r,r,l,l,r,r,r,l,r,r,l,r,l,r,l,l,r,r,l,r,r,r,r,l,,,,,,,,,,,,,,,,,,,,,,,,,,,,,,,,,,,,,,,,,,,,,,,,,,,
389,l,r,r,r,r,r,r,r,l,r,r,l,r,l,l,r,r,r,l,l,l,r,l,r,r,l,l,r,r,l,l,l,l,r,,,,,,,,,,,,,,,,,,,,,,,,,,,,,,,,,,,,,,,,,,,,,,,,,,,
390,r,l,r,r,r,r,l,r,r,r,r,r,r,r,r,r,r,r,r,,,,,,,,,,,,,,,,,,,,,,,,,,,,,,,,,,,,,,,,,,,,,,,,,,,,,,,,,,,,,,,,,,
391,r,r,l,r,r,r,l,r,r,r,r,r,r,r,l,r,l,r,r,,,,,,,,,,,,,,,,,,,,,,,,,,,,,,,,,,,,,,,,,,,,,,,,,,,,,,,,,,,,,,,,,,
392,l,l,l,l,r,l,l,l,l,l,l,l,l,l,r,l,l,l,l,,,,,,,,,,,,,,,,,,,,,,,,,,,,,,,,,,,,,,,,,,,,,,,,,,,,,,,,,,,,,,,,,,
393,r,r,l,l,r,r,l,r,r,r,r,l,r,l,r,r,r,r,r,,,,,,,,,,,,,,,,,,,,,,,,,,,,,,,,,,,,,,,,,,,,,,,,,,,,,,,,,,,,,,,,,,
394,r,r,r,r,r,r,r,r,r,r,r,r,l,r,l,r,r,r,r,,,,,,,,,,,,,,,,,,,,,,,,,,,,,,,,,,,,,,,,,,,,,,,,,,,,,,,,,,,,,,,,,,
395,l,l,l,l,l,l,l,l,l,l,l,l,r,l,l,l,l,l,l,,,,,,,,,,,,,,,,,,,,,,,,,,,,,,,,,,,,,,,,,,,,,,,,,,,,,,,,,,,,,,,,,,
396,r,l,r,l,l,r,l,r,l,l,l,r,l,l,l,l,l,l,l,,,,,,,,,,,,,,,,,,,,,,,,,,,,,,,,,,,,,,,,,,,,,,,,,,,,,,,,,,,,,,,,,,
397,r,r,l,r,l,l,r,l,r,l,r,r,r,l,r,r,r,r,l,,,,,,,,,,,,,,,,,,,,,,,,,,,,,,,,,,,,,,,,,,,,,,,,,,,,,,,,,,,,,,,,,,
398,r,l,l,r,l,r,r,r,l,l,r,r,r,l,l,r,r,r,l,,,,,,,,,,,,,,,,,,,,,,,,,,,,,,,,,,,,,,,,,,,,,,,,,,,,,,,,,,,,,,,,,,
399,l,r,l,l,l,l,l,l,l,l,l,l,r,l,l,r,l,l,l,,,,,,,,,,,,,,,,,,,,,,,,,,,,,,,,,,,,,,,,,,,,,,,,,,,,,,,,,,,,,,,,,,
