,2,3,4,5,6,7,8,9,10,11,12,13,14,15,16,17,18,19,20,21,22,23,24,25,26,27,28,29,30,31
0,p,p,p,p,p,p,p,p,p,p,p,p,p,p,p,p,p,p,p,p,p,n,n,p,p,p,p,p,p,p
1,n,p,p,p,p,p,p,p,p,p,p,n,n,p,p,p,p,n,p,p,p,p,p,p,p,p,n,p,p,p
2,p,n,n,p,n,n,n,p,n,n,p,p,n,p,p,n,n,n,p,p,n,p,p,p,p,n,p,p,p,p
3,p,p,n,n,p,n,n,p,n,p,n,n,p,p,p,n,p,n,p,n,n,n,n,p,n,p,n,p,p,p
4,p,p,n,p,p,p,n,p,p,n,p,p,n,p,p,p,p,p,p,p,p,p,p,n,p,p,n,p,p,p
5,n,n,n,p,n,n,n,p,p,n,p,p,n,n,n,p,n,n,n,n,n,n,n,p,p,n,n,p,p,n
6,p,p,n,p,n,p,p,n,p,p,p,n,p,p,p,p,p,p,n,p,p,p,p,p,p,p,p,p,p,p
7,p,p,p,p,p,p,p,p,p,p,p,p,p,p,p,p,p,p,p,p,p,p,p,p,p,p,p,p,p,p
8,p,p,p,p,p,p,p,p,p,p,p,n,p,p,p,p,p,p,p,p,p,p,p,p,p,p,p,p,p,p
9,p,p,p,p,p,p,n,p,n,p,p,p,p,n,p,p,p,p,n,p,p,p,p,p,p,p,p,p,p,p
10,n,n,n,p,n,n,n,n,n,n,n,n,n,p,p,p,n,n,n,n,p,n,n,p,p,p,n,n,n,n
11,p,p,p,p,p,p,p,p,p,p,p,p,p,p,p,p,p,p,p,n,p,p,p,p,p,p,p,p,p,n
12,p,p,n,p,p,p,p,p,p,p,p,p,n,p,p,p,p,p,n,p,p,p,p,p,p,n,n,p,p,p
13,p,n,p,p,p,p,n,p,p,p,p,n,p,p,n,p,n,p,p,p,p,p,p,n,n,p,p,p,p,p
14,p,p,p,p,p,p,p,p,p,p,p,p,p,p,p,p,p,p,p,p,p,p,p,p,p,p,p,p,p,p
15,p,p,p,p,p,n,p,p,p,p,p,p,n,p,p,p,p,p,p,p,p,p,p,p,p,p,p,p,p,n
16,p,p,p,p,p,p,p,p,p,p,p,p,p,p,p,n,n,p,p,p,p,p,p,p,p,p,p,p,p,p
17,p,p,n,p,p,p,n,p,p,p,p,p,p,p,p,p,p,p,p,p,p,p,p,p,p,p,n,p,p,n
18,p,p,p,n,p,p,n,n,p,p,p,p,n,p,p,p,p,p,p,p,p,p,p,p,p,p,p,p,n,p
19,p,p,p,n,p,p,p,p,p,p,p,p,p,p,p,p,p,n,n,p,p,n,p,n,p,n,n,p,p,p
20,p,p,n,p,p,p,n,p,p,p,p,p,p,p,p,p,p,p,p,p,p,p,p,p,p,p,p,n,p,p
21,p,p,p,p,p,p,p,p,p,p,p,p,p,p,p,p,p,p,p,p,p,p,p,p,p,p,p,p,p,p
22,p,p,p,p,p,p,p,n,p,p,p,p,p,p,p,n,p,p,p,p,p,n,p,p,p,p,p,p,n,p
23,p,p,p,n,p,p,n,p,p,p,p,p,p,p,p,p,p,p,p,n,p,p,p,p,p,p,p,p,n,p
24,p,p,p,p,p,p,p,p,p,p,p,p,p,p,p,p,p,p,p,p,p,p,p,p,p,p,p,p,p,p
25,p,p,n,p,p,p,p,p,p,p,p,p,p,p,p,p,p,p,p,n,p,n,n,p,p,n,p,n,p,p
26,p,n,p,n,p,p,p,p,p,n,p,p,p,p,n,p,p,n,p,p,n,p,p,p,p,p,p,p,p,n
27,p,p,p,n,p,p,n,n,n,p,n,n,p,n,p,p,p,p,p,p,p,n,p,n,p,p,p,p,p,p
28,p,p,n,p,n,p,n,n,n,n,p,n,n,p,p,p,p,p,p,p,n,n,p,p,p,p,p,p,p,n
29,p,n,n,n,p,n,p,p,p,p,p,n,p,n,p,p,p,p,n,n,n,p,p,p,p,p,p,p,n,p
30,p,p,p,p,p,p,p,p,p,p,p,p,p,p,p,p,p,p,p,p,n,p,p,p,p,p,p,p,p,p
31,p,p,p,p,p,p,p,p,p,p,p,p,p,p,p,p,p,p,p,p,p,p,p,p,p,n,n,p,p,p
32,p,n,p,p,n,p,p,p,p,p,p,p,n,p,p,p,p,n,p,p,p,p,p,p,p,n,p,n,p,p
33,p,p,n,n,p,p,p,n,p,n,p,p,p,p,p,p,p,n,p,p,p,p,p,p,p,p,p,p,p,p
34,p,p,p,p,p,p,p,p,p,p,p,p,p,p,p,p,p,n,p,n,p,p,n,p,p,p,p,p,p,p
35,p,p,p,p,p,p,p,p,p,p,p,n,p,p,p,n,p,p,p,p,p,p,p,p,p,p,p,p,p,p
36,p,p,p,n,n,n,p,n,p,n,p,p,p,p,p,p,p,p,p,n,p,p,n,p,n,n,p,p,p,p
37,n,p,n,n,p,n,n,p,n,n,p,p,p,p,n,n,p,n,n,p,n,n,p,n,n,p,n,p,n,n
38,n,p,n,p,p,p,p,p,p,p,p,p,p,p,p,n,p,p,p,p,p,n,p,p,p,n,p,n,n,p
39,p,n,p,p,n,p,p,p,p,p,n,p,p,p,p,n,p,p,p,p,p,n,p,p,n,p,n,p,p,p
40,p,n,p,n,p,p,n,p,n,p,p,n,p,p,p,p,p,p,n,n,p,n,p,p,n,p,p,p,n,p
41,p,p,p,p,p,p,p,p,p,p,n,p,p,p,p,p,p,p,n,p,p,p,p,p,p,n,p,p,p,p
42,p,p,n,p,p,p,p,p,p,p,p,p,p,p,p,p,p,p,p,p,p,p,p,p,p,p,p,p,p,p
43,n,p,p,n,p,n,p,n,n,p,p,p,p,p,n,p,p,n,n,n,n,n,p,n,p,p,n,n,n,p
44,p,p,p,n,p,p,p,p,p,p,p,p,n,p,p,p,p,p,p,p,p,p,p,p,p,n,n,p,p,n
45,p,p,p,p,p,p,p,p,p,p,p,p,p,p,p,p,p,p,p,p,n,p,p,p,p,p,p,p,p,p
46,p,n,n,n,n,n,p,p,p,p,p,p,p,p,n,n,p,n,n,n,n,p,n,p,p,n,p,p,p,n
47,p,p,n,p,p,n,n,n,p,p,p,p,p,n,n,n,p,p,p,p,n,p,p,p,p,n,p,n,p,n
48,p,n,p,p,p,p,p,p,p,p,n,p,p,p,p,p,n,p,p,p,p,p,n,p,p,p,p,p,p,n
49,p,n,p,p,p,p,n,p,p,p,p,n,p,p,p,p,n,p,n,p,p,p,p,p,p,p,p,p,p,p
50,n,p,p,p,p,p,p,p,p,p,n,p,p,p,p,n,p,p,p,p,p,p,p,p,p,p,p,p,p,p
51,n,p,n,p,n,n,p,p,p,p,p,p,p,p,p,p,p,p,p,p,p,n,p,p,p,p,p,p,p,p
52,p,p,p,p,p,p,p,p,p,p,p,p,p,p,p,p,p,p,p,p,p,p,p,n,p,p,p,p,n,p
53,p,p,n,p,p,n,n,p,p,p,p,p,p,p,p,p,p,p,n,p,p,p,p,p,p,p,n,p,p,p
54,p,p,n,p,p,p,p,p,p,p,p,p,p,p,p,n,p,p,p,p,p,p,p,p,n,p,p,p,n,p
55,p,p,p,p,p,p,p,p,p,p,p,n,p,p,p,p,p,p,p,p,p,p,n,p,n,p,n,p,p,p
56,n,n,p,n,p,n,p,p,n,p,p,p,p,p,p,p,p,p,n,n,p,p,p,p,n,n,p,p,p,p
57,n,p,p,p,p,p,p,p,p,p,p,p,p,p,p,p,p,p,n,p,p,p,p,p,p,n,p,p,p,p
58,p,p,p,p,p,n,p,n,p,p,n,p,n,p,p,n,n,p,p,p,p,p,n,n,p,p,p,p,p,p
59,p,n,p,p,p,n,p,p,p,p,p,n,p,p,p,p,n,n,p,p,p,p,p,p,p,p,p,p,n,p
60,p,p,p,p,p,p,p,p,p,p,n,p,p,p,p,n,n,p,p,p,p,p,n,p,p,p,p,p,p,p
61,n,p,p,n,p,p,p,p,n,n,n,p,p,p,p,p,n,p,n,n,p,n,p,p,p,p,n,n,p,p
62,p,p,p,p,p,p,p,p,p,p,p,p,p,p,p,p,p,p,p,p,p,p,p,p,p,p,p,p,p,p
63,p,n,p,p,p,p,p,p,p,p,p,p,p,p,p,p,n,p,p,n,n,n,p,p,p,p,n,n,p,p
64,p,p,p,n,n,p,p,p,n,p,p,n,p,p,p,p,p,n,p,p,p,p,n,n,p,p,p,p,p,n
65,p,n,n,p,n,p,p,p,p,n,n,p,n,p,p,n,p,p,p,p,p,p,p,p,p,p,p,p,p,p
66,n,p,p,p,p,p,n,p,p,p,p,p,p,p,p,p,p,p,p,p,p,p,p,p,p,p,p,p,p,p
67,p,p,p,p,p,p,p,p,p,p,n,p,p,p,p,p,p,p,p,p,p,n,p,p,n,p,p,p,p,p
68,p,p,p,p,p,p,p,p,n,p,p,p,p,p,n,p,p,n,p,p,p,n,p,p,p,p,p,p,p,p
69,p,p,n,p,n,n,p,p,p,n,p,p,p,p,n,p,p,p,p,p,p,p,p,p,p,p,n,p,p,n
70,p,p,p,p,p,p,p,n,p,p,p,p,p,p,n,p,p,n,p,p,p,p,n,n,p,p,p,n,p,p
71,n,p,p,p,p,p,p,p,p,p,p,p,p,p,n,p,p,n,p,p,p,p,n,p,p,p,p,n,p,p
72,p,p,p,p,p,n,p,n,p,p,p,n,p,p,p,n,p,n,p,n,p,p,p,p,p,p,p,p,p,n
73,p,n,p,p,p,p,p,p,p,p,p,p,p,n,p,p,p,p,p,p,p,p,p,p,p,p,p,n,p,p
74,n,p,p,n,p,p,n,p,p,p,p,p,p,p,p,p,p,p,n,p,p,p,p,p,p,p,p,p,p,n
75,n,p,p,n,p,p,p,p,p,p,p,p,p,p,p,p,p,p,p,p,p,p,n,p,n,n,p,p,p,p
76,n,n,p,p,n,n,p,p,p,p,n,n,n,p,n,n,p,p,p,p,n,p,p,n,n,n,p,p,p,p
77,p,p,p,n,p,p,p,p,p,p,p,p,p,p,n,p,n,p,p,p,p,n,p,p,p,p,p,p,p,p
78,n,p,p,p,p,p,p,n,p,n,n,p,n,n,n,n,p,n,p,n,p,p,p,p,p,n,n,p,p,p
79,p,p,n,p,p,p,p,p,p,p,p,p,p,n,n,p,p,n,n,p,p,p,n,p,p,p,p,p,n,p
80,p,p,p,p,p,p,p,p,p,n,p,p,n,p,p,n,p,p,p,p,p,p,p,p,n,n,p,p,p,p
81,p,n,n,p,p,n,p,p,n,p,n,n,p,p,p,p,p,n,p,p,n,p,p,n,p,n,p,p,n,n
82,n,p,p,p,p,p,n,p,p,p,p,p,p,n,p,p,p,n,p,p,n,p,p,p,p,p,n,n,p,p
83,n,p,p,n,p,p,p,p,p,n,p,p,p,p,p,p,p,p,p,p,p,p,p,n,p,p,p,n,p,p
84,p,p,p,p,n,p,p,p,n,n,p,n,p,p,n,p,p,p,p,n,p,n,p,p,p,p,n,p,p,n
85,p,n,p,n,p,p,p,p,p,p,p,n,p,p,p,p,p,p,p,p,p,p,p,p,p,p,p,p,p,n
86,p,n,p,n,p,p,p,n,p,n,n,n,p,p,n,n,n,p,p,p,p,p,p,n,n,p,p,p,p,p
87,p,p,p,p,p,p,p,p,p,p,p,p,p,n,p,p,p,p,p,n,p,p,p,p,p,p,p,p,p,p
88,p,p,p,n,n,n,p,p,p,n,p,n,p,n,n,p,n,p,p,p,p,n,n,n,p,n,p,n,p,p
89,p,p,p,p,p,p,p,p,p,p,p,p,p,p,p,p,n,p,p,p,p,p,p,n,n,n,p,p,n,p
90,p,p,p,p,n,p,p,p,p,p,p,p,p,n,p,p,p,n,p,p,n,p,p,p,p,p,p,p,p,p
91,p,p,n,p,p,p,p,p,n,p,p,p,n,n,p,p,p,p,p,n,p,p,p,p,p,p,n,p,p,p
92,p,p,p,n,p,p,p,p,p,p,p,p,p,p,p,p,p,p,p,n,n,n,p,p,p,n,p,p,p,n
93,p,n,p,n,n,p,p,p,p,n,p,n,p,n,p,p,p,p,p,p,p,n,n,p,p,p,n,p,p,p
94,p,p,n,n,p,p,p,p,p,n,p,p,p,n,p,p,p,p,p,n,p,p,p,p,p,p,n,p,p,p
95,p,p,p,p,p,p,p,p,p,p,n,p,n,p,p,p,p,p,p,p,p,p,p,p,p,p,p,p,p,p
96,p,p,n,n,n,p,p,p,p,p,p,p,p,p,p,n,p,p,n,n,p,p,n,p,p,n,n,p,n,n
97,n,p,p,p,p,p,n,p,p,p,p,p,n,p,p,p,p,p,p,p,p,p,p,p,p,p,p,n,p,p
98,n,n,n,p,n,n,p,n,n,p,n,p,p,p,p,n,p,p,n,n,p,p,p,n,n,n,n,n,p,n
99,p,p,p,n,p,p,p,n,p,p,n,p,p,n,n,p,p,p,p,p,p,p,p,p,n,p,p,p,p,p
100,p,p,n,p,p,p,p,p,p,p,n,p,p,p,n,n,p,p,p,p,p,p,p,p,p,p,p,p,p,p
101,p,p,p,p,n,p,p,p,p,p,p,p,p,p,p,n,p,p,p,p,p,p,p,p,p,p,p,p,p,p
102,p,p,n,n,p,n,p,p,p,p,p,p,n,p,n,p,p,p,p,n,p,n,p,p,p,p,n,n,p,p
103,p,p,p,p,p,p,p,p,p,p,p,p,p,p,p,p,p,p,p,p,p,p,p,n,p,n,p,p,p,n
104,p,p,p,p,p,p,p,p,p,p,p,p,p,p,p,p,p,p,n,p,n,p,p,p,n,p,p,p,n,p
105,p,n,p,p,n,n,p,n,p,n,p,n,p,n,p,p,n,p,n,n,n,p,n,p,p,n,p,n,n,p
106,p,p,p,p,p,p,p,p,p,n,p,p,p,p,p,p,p,n,p,p,p,p,n,p,p,n,p,p,p,p
107,p,p,p,p,p,p,n,p,n,p,p,p,p,p,n,p,p,p,p,p,p,p,p,n,p,p,p,n,p,p
108,p,n,p,p,p,p,n,p,p,p,p,p,p,p,p,p,p,p,p,n,p,p,p,p,p,p,p,p,p,n
109,p,p,p,p,p,p,p,p,p,n,p,p,n,n,n,p,p,n,p,p,n,p,n,p,p,p,p,p,p,p
110,n,p,p,p,p,p,p,p,p,p,p,n,p,p,p,n,n,n,p,p,p,p,p,p,p,p,p,p,p,p
111,p,p,p,p,p,p,p,p,p,n,p,p,p,p,p,p,p,p,p,p,p,p,p,p,p,p,n,p,p,p
112,p,p,p,n,n,p,p,p,p,n,p,p,p,p,p,p,p,n,n,n,n,p,p,p,p,p,p,n,n,n
113,p,p,n,p,p,p,n,p,p,p,n,p,n,p,p,n,n,p,p,p,n,p,n,p,n,p,p,n,n,p
114,n,p,p,n,n,n,p,p,p,p,p,p,p,p,p,p,p,p,p,p,p,p,p,p,p,p,p,p,p,p
115,n,p,p,p,n,p,p,p,p,p,p,p,p,p,p,p,n,p,p,p,p,p,n,p,p,p,n,p,p,p
116,p,p,n,p,p,p,n,p,n,p,n,p,p,p,p,n,n,p,p,p,p,p,p,p,n,p,p,p,p,p
117,p,n,p,n,n,p,p,p,n,p,p,n,n,p,p,p,n,p,p,p,n,p,p,n,p,n,n,p,p,p
118,p,p,p,p,p,n,p,p,p,p,p,p,n,p,p,p,n,p,p,p,p,p,p,p,p,p,p,p,p,p
119,p,p,p,n,p,p,p,n,p,p,p,p,p,p,p,p,p,p,p,p,p,p,p,p,p,p,p,p,n,p
120,p,p,p,p,p,p,p,p,p,p,n,p,n,p,p,p,p,p,n,p,n,p,p,p,p,p,p,p,p,p
121,p,p,p,n,p,p,n,p,p,p,n,p,p,p,p,n,n,p,n,p,n,p,p,p,n,p,p,p,p,p
122,p,p,p,p,p,p,p,p,p,p,p,p,p,p,p,p,p,p,p,p,p,p,p,p,p,n,p,p,n,p
123,p,n,p,p,n,p,n,n,p,n,p,p,n,n,n,p,p,n,p,p,n,p,p,p,n,p,p,p,n,n
124,n,p,p,p,n,p,p,n,n,n,p,n,n,n,n,p,n,p,p,n,p,p,n,p,n,n,n,n,n,p
125,p,n,p,n,p,p,p,p,p,p,p,p,n,p,p,p,p,p,p,p,p,p,p,p,p,p,p,p,p,p
126,p,p,p,p,p,p,p,n,p,p,p,p,p,p,p,p,p,p,p,p,p,n,n,p,p,n,p,n,p,p
127,p,p,p,p,n,p,p,p,p,p,p,p,p,p,p,p,p,p,p,p,p,p,p,p,p,p,p,p,p,p
128,p,p,p,p,p,p,p,p,p,p,p,p,p,p,p,p,p,p,p,n,n,p,n,p,p,p,p,p,p,p
129,p,p,n,p,n,p,p,p,p,n,p,p,n,p,n,n,n,p,p,p,p,p,n,n,p,p,n,n,n,p
130,n,p,n,p,p,p,n,p,p,n,n,p,p,p,p,n,p,p,p,n,p,p,p,p,p,p,n,n,p,p
131,p,p,p,p,n,p,p,n,n,p,n,p,p,p,p,p,n,p,p,n,n,n,p,p,p,n,p,n,n,p
132,p,p,p,n,n,p,p,p,p,n,p,p,n,p,n,p,n,n,p,p,n,p,p,p,n,p,n,p,n,p
133,p,p,p,p,p,p,p,p,p,p,p,p,p,n,p,p,p,n,p,p,p,p,p,p,p,p,p,p,p,p
134,n,p,p,p,p,n,p,p,p,p,p,p,n,p,n,p,n,n,n,p,n,n,n,p,p,p,p,p,p,n
135,n,n,n,p,p,p,n,p,n,n,p,n,n,n,p,p,p,n,n,p,n,p,n,p,n,p,n,n,p,p
136,p,n,n,p,p,n,n,n,n,p,p,p,n,p,p,p,n,p,p,n,p,p,p,p,p,p,p,n,n,p
137,p,p,p,p,p,p,n,p,n,p,p,p,n,p,n,p,p,p,p,p,p,p,n,n,p,n,p,n,p,n
138,p,p,p,p,p,p,p,p,p,p,n,n,p,p,p,n,n,n,p,p,p,p,p,p,p,p,p,p,p,p
139,p,p,p,p,p,n,p,p,p,p,p,p,p,n,p,p,p,p,p,p,p,p,n,p,p,p,p,n,p,p
140,p,p,p,p,p,p,p,p,p,p,p,p,p,p,p,p,p,p,p,p,p,p,p,p,p,n,n,p,p,p
141,p,p,p,p,p,p,p,n,p,p,p,p,n,p,p,p,n,n,n,p,p,n,p,p,p,n,n,p,p,n
142,n,n,n,p,p,p,p,p,p,p,p,p,p,p,p,p,n,p,p,n,p,p,p,p,p,p,p,p,p,p
143,p,p,p,p,p,p,p,p,p,p,n,p,p,p,p,n,p,p,p,p,p,p,p,p,p,p,p,p,n,p
144,n,n,n,n,p,p,n,p,p,n,n,n,p,n,n,p,p,n,p,p,n,n,n,p,n,n,n,n,p,n
145,p,p,p,p,p,p,p,p,p,p,p,p,p,p,p,p,p,p,p,p,p,p,p,p,p,p,p,p,p,p
146,n,p,p,p,p,p,n,p,n,p,n,n,p,p,p,p,p,p,p,p,p,p,p,p,p,p,p,p,p,n
147,p,p,p,p,p,p,p,p,n,p,p,p,p,p,p,p,p,p,p,p,n,p,p,p,p,p,p,p,n,p
148,n,p,p,p,p,p,n,p,p,p,p,p,p,p,p,p,p,p,p,p,p,n,p,p,p,p,p,p,p,p
149,p,p,p,p,p,p,n,n,p,p,p,p,p,n,p,p,p,n,p,p,p,p,p,n,p,p,p,p,p,p
150,p,p,p,p,p,n,p,p,p,n,p,n,p,p,p,n,p,p,p,p,p,p,p,p,p,p,p,p,p,p
151,p,p,n,p,p,n,p,p,p,p,p,n,p,n,p,p,p,p,p,n,n,n,p,p,p,n,p,p,p,p
152,p,n,p,n,p,p,p,p,p,p,p,p,p,n,p,p,p,p,p,p,n,p,p,p,p,p,n,n,p,n
153,p,p,p,p,p,p,n,p,p,p,p,p,p,n,p,p,p,p,p,p,n,p,p,p,p,p,p,n,n,p
154,p,p,p,p,p,n,p,n,p,p,p,n,p,p,p,p,p,p,n,n,p,p,p,p,p,p,p,p,p,p
155,p,p,p,p,p,p,p,p,p,p,p,p,n,n,n,p,p,p,p,p,p,p,p,n,p,p,p,p,n,p
156,p,p,p,p,p,p,p,p,p,p,p,p,p,p,n,p,n,p,p,p,n,p,p,p,n,p,p,p,n,n
157,p,p,p,p,p,p,p,p,p,p,p,n,p,n,p,p,p,p,n,p,n,n,n,p,n,n,p,p,n,p
158,p,p,n,p,p,p,p,n,n,p,p,p,p,p,p,p,n,p,p,p,p,p,n,p,p,p,p,p,p,p
159,p,p,p,p,p,p,p,p,p,p,n,p,p,p,p,p,p,p,p,p,p,p,p,p,p,n,p,p,p,p
160,n,p,n,n,p,p,p,n,p,p,n,p,p,n,p,p,n,p,p,p,p,n,p,p,n,p,n,n,p,n
161,n,n,n,p,n,p,p,p,p,n,p,p,p,n,p,p,n,p,p,n,p,p,p,p,p,p,p,p,p,p
162,p,p,n,p,p,p,p,p,p,p,p,p,n,p,p,p,p,p,n,p,p,p,p,p,p,p,p,p,n,p
163,p,p,p,p,p,p,p,p,p,p,p,n,p,p,p,p,n,p,p,p,n,p,p,p,p,p,p,p,p,n
164,n,p,p,n,p,p,n,n,n,n,p,p,n,p,p,p,p,n,n,p,p,p,p,p,p,n,p,n,p,p
165,n,p,p,p,p,p,p,p,p,p,p,p,p,p,p,p,p,p,p,p,p,n,p,p,p,n,n,p,p,p
166,p,p,n,p,p,p,p,p,p,p,p,p,p,n,p,p,p,n,p,p,p,p,p,p,p,p,n,p,p,p
167,p,n,n,p,p,p,p,p,p,p,p,n,p,p,p,p,n,p,n,n,n,p,p,n,p,p,p,p,n,n
168,n,n,p,p,p,n,p,p,n,p,p,p,p,p,p,p,p,p,p,p,p,p,p,p,p,p,p,p,p,n
169,p,p,n,p,n,p,n,p,n,p,p,p,p,p,p,p,p,p,p,n,p,p,p,p,p,p,p,p,p,p
170,p,p,p,p,p,p,n,p,p,p,p,p,p,p,n,n,p,p,p,p,p,p,p,p,p,p,n,p,p,p
171,p,p,p,p,p,n,p,p,p,n,n,p,p,p,p,p,p,p,p,n,p,p,p,n,p,p,p,n,n,n
172,p,p,n,p,p,p,p,p,p,p,p,n,p,p,p,n,p,p,p,p,p,p,n,p,p,n,p,n,p,n
173,p,p,p,p,p,p,n,p,p,p,p,p,p,p,p,p,n,p,p,p,p,p,p,p,n,p,p,p,p,p
174,p,p,p,p,p,p,n,n,n,p,p,n,p,n,n,p,n,p,p,n,p,p,p,n,p,n,n,p,p,n
175,n,n,p,p,p,p,p,p,p,n,p,p,p,p,p,n,p,p,p,p,p,p,p,p,n,p,p,n,n,p
176,p,p,p,p,n,p,n,n,p,p,p,p,p,p,n,p,n,p,p,p,p,n,p,p,p,p,p,p,p,p
177,p,p,p,p,p,p,p,p,p,p,p,n,n,p,p,n,p,p,p,p,n,n,n,n,p,p,p,p,p,n
178,p,p,p,p,n,p,p,p,p,n,p,p,n,p,p,n,n,n,p,p,p,n,n,p,p,n,p,p,n,p
179,p,p,p,p,n,p,n,p,p,n,n,p,p,n,p,n,p,n,n,p,p,p,p,n,p,n,n,n,n,p
180,p,p,p,p,p,p,n,p,n,n,p,p,p,p,p,p,n,p,p,p,p,p,p,p,p,n,p,p,p,p
181,n,p,p,p,p,p,p,p,p,p,p,p,p,n,p,p,p,p,p,p,p,p,p,p,p,p,p,p,p,p
182,p,n,p,p,p,p,p,p,p,p,n,p,p,p,p,p,n,n,n,p,p,p,n,p,p,p,p,p,p,p
183,p,p,p,p,n,p,p,p,p,p,n,p,p,p,p,p,p,p,p,n,p,p,n,p,p,p,p,p,p,p
184,n,n,n,n,p,p,n,n,p,p,p,p,n,p,p,n,n,p,p,p,n,p,n,p,p,p,n,p,p,p
185,p,p,p,p,p,p,p,p,p,p,p,p,p,p,p,p,p,p,p,p,p,p,p,p,p,p,p,p,n,n
186,p,p,p,p,p,p,p,p,p,p,p,p,p,p,p,p,p,p,p,p,p,n,p,p,p,p,p,n,p,p
187,p,p,p,p,p,p,p,p,p,p,p,p,p,n,p,p,p,p,p,p,p,p,p,p,p,p,n,p,p,p
188,n,p,p,p,p,p,n,p,p,n,p,p,p,p,p,p,p,p,p,n,p,n,p,p,p,n,p,p,n,n
189,n,p,p,p,p,p,p,p,p,p,p,p,p,p,p,p,p,p,n,p,n,n,p,p,p,p,p,p,p,p
190,p,p,p,p,p,p,p,p,p,n,p,p,p,p,p,p,p,p,p,p,p,p,p,p,p,p,p,p,p,n
191,p,p,p,p,p,n,p,p,p,p,n,p,n,n,p,n,p,p,n,p,p,p,p,p,p,p,p,p,p,n
192,p,p,p,p,p,p,p,n,p,p,p,p,p,n,p,p,p,p,p,p,p,p,p,p,p,p,p,p,p,p
193,p,p,p,p,n,p,p,p,p,p,p,p,p,p,p,p,p,p,p,p,p,n,p,p,p,n,n,p,p,p
194,p,n,p,p,p,n,p,p,n,p,p,p,p,p,n,n,p,p,p,n,p,p,p,p,p,p,p,n,n,p
195,p,n,p,p,p,p,p,p,p,n,p,p,p,p,p,p,n,p,p,p,p,p,p,p,p,p,p,n,n,n
196,n,n,p,p,p,p,p,p,p,p,p,p,p,p,p,p,p,n,p,n,p,p,p,p,p,p,p,p,p,p
197,n,p,p,p,p,n,p,p,n,n,n,p,p,p,p,p,p,p,p,p,p,p,p,n,p,n,p,p,n,p
198,n,p,p,n,p,p,p,p,p,p,p,p,p,p,p,p,p,p,n,n,p,p,p,p,p,p,p,p,p,p
199,p,p,p,n,p,p,n,p,n,n,n,p,p,n,n,p,n,n,p,p,p,p,p,p,p,p,n,p,p,n
200,n,n,p,n,p,p,n,p,p,p,p,n,n,p,n,p,p,p,n,p,p,p,p,p,n,p,p,n,n,p
201,n,p,n,p,n,p,p,p,n,p,n,n,p,p,p,p,p,n,p,n,p,n,n,p,n,n,n,p,p,p
202,p,p,p,p,p,p,p,p,p,n,p,p,p,p,n,p,p,p,p,n,p,p,p,n,n,p,p,p,n,p
203,n,n,p,n,p,p,p,n,p,p,p,p,p,p,n,p,p,p,n,n,n,n,p,n,n,p,p,p,p,n
204,p,p,p,p,p,p,p,p,p,p,p,n,n,p,p,p,p,p,p,p,n,p,p,p,p,n,p,p,p,p
205,n,p,p,p,p,p,n,p,p,p,p,n,p,p,p,p,n,p,p,p,p,p,p,p,n,p,n,n,n,p
206,p,p,p,p,p,p,p,p,p,p,p,p,p,n,p,p,n,n,p,p,n,p,p,p,n,p,p,p,p,p
207,p,n,p,n,p,p,p,p,p,p,p,p,p,p,p,p,p,p,p,p,p,p,n,p,p,p,n,p,p,p
208,p,n,p,p,p,p,p,p,p,p,p,p,p,p,n,p,p,p,p,n,p,p,p,p,p,p,p,p,p,p
209,p,p,n,p,p,p,p,p,p,p,p,p,p,p,p,p,p,p,p,p,p,p,p,p,p,p,p,p,p,p
210,p,n,p,p,n,p,p,p,p,p,p,n,n,p,p,p,p,n,p,n,n,p,p,n,p,p,p,p,p,p
211,p,p,p,p,p,p,p,p,p,p,n,p,p,p,p,p,n,p,p,p,p,p,p,p,n,p,n,p,n,p
212,p,p,p,p,p,p,p,n,p,p,p,p,p,p,p,p,p,p,p,p,p,p,n,p,p,p,p,p,p,p
213,p,p,p,n,p,p,p,p,p,p,p,p,p,n,p,p,p,n,p,p,p,p,p,p,p,p,p,p,p,p
214,p,p,n,p,p,n,p,p,p,p,p,p,p,p,p,p,p,p,n,n,p,n,p,p,p,p,p,p,p,p
215,p,p,n,p,p,p,p,p,p,p,p,p,p,p,p,p,p,p,p,p,p,p,p,p,p,p,p,p,p,p
216,n,n,p,n,n,p,n,n,p,n,p,n,n,n,p,p,p,p,n,p,p,p,n,p,p,n,n,p,p,p
217,p,n,p,n,p,p,p,p,p,p,p,n,p,p,p,p,p,p,p,p,n,p,p,p,p,p,p,n,n,p
218,p,p,n,p,p,p,p,p,p,n,p,n,p,p,p,p,p,p,p,n,p,p,p,n,n,p,p,p,p,p
219,p,p,p,p,p,p,p,p,p,p,p,p,p,n,p,p,p,p,p,p,p,p,p,p,p,p,p,p,p,p
220,p,p,p,p,p,p,n,p,p,p,p,n,p,p,p,p,p,p,p,p,n,p,p,n,n,n,p,p,p,p
221,p,n,p,p,p,p,p,p,n,p,p,p,p,p,p,p,p,p,p,p,p,p,p,p,p,p,p,p,p,p
222,p,p,n,n,n,p,p,p,p,p,p,n,p,p,p,n,p,p,p,p,p,p,p,p,p,p,p,p,p,p
223,p,p,p,p,p,n,p,p,p,n,p,p,p,p,p,p,p,p,p,n,p,n,n,n,p,p,n,p,p,p
224,p,p,p,p,p,p,p,p,n,n,n,p,p,n,p,p,n,p,p,p,p,p,n,p,n,p,n,n,p,p
225,p,p,p,p,p,p,p,p,p,p,n,p,p,p,p,p,p,p,p,n,p,p,p,p,p,p,p,p,p,p
226,p,p,p,p,p,p,p,p,p,p,p,p,n,p,p,p,p,p,p,p,n,p,p,p,p,p,n,p,p,p
227,p,p,p,p,n,p,p,n,p,n,n,p,p,n,p,p,p,p,p,p,p,p,n,p,p,p,p,p,p,p
228,p,p,p,n,p,p,p,p,p,p,p,p,n,p,p,n,p,n,p,p,p,p,p,p,p,p,n,p,p,p
229,p,p,p,n,n,p,p,p,n,p,p,n,p,n,p,p,p,p,p,p,p,n,n,p,n,p,p,p,p,p
230,p,p,n,n,p,n,p,p,n,n,p,n,p,p,p,p,p,p,p,p,p,n,p,p,p,p,p,n,n,p
231,p,p,p,p,p,p,p,p,p,p,p,p,p,p,n,p,p,p,p,p,p,p,p,p,p,p,n,p,p,p
232,n,p,p,p,p,p,n,p,p,n,n,p,p,p,p,p,p,p,p,n,p,p,n,p,p,p,p,p,p,p
233,p,p,p,n,p,n,p,p,p,p,n,p,p,n,p,p,p,n,p,n,p,p,p,p,p,p,p,p,p,p
234,p,p,n,p,p,p,p,n,n,n,p,n,p,p,p,p,p,n,p,p,n,p,p,n,n,p,p,n,n,p
235,p,p,p,p,p,p,p,p,p,p,p,p,n,p,p,p,p,p,p,p,p,n,n,p,p,p,p,p,p,p
236,p,p,p,n,n,n,p,p,n,p,p,n,p,p,p,p,p,n,p,p,p,p,p,p,p,n,p,p,p,p
237,p,p,p,p,p,p,p,p,p,n,p,p,p,p,p,p,n,n,p,p,p,p,p,p,p,p,n,p,p,p
238,p,p,p,n,n,p,p,p,p,n,p,p,p,p,p,p,p,p,p,p,p,p,n,p,n,p,n,p,p,n
239,p,n,n,n,p,p,p,p,p,p,n,p,p,p,p,p,p,n,n,p,p,p,p,p,p,p,p,p,p,p
240,p,n,p,n,p,n,p,p,p,p,p,n,n,p,p,p,p,p,p,p,p,p,p,n,p,p,p,p,p,n
241,p,n,n,n,p,p,p,n,p,p,p,p,p,p,p,p,p,n,p,p,p,p,p,p,p,n,n,p,p,p
242,n,n,n,n,n,p,p,n,n,n,n,p,n,n,n,n,n,p,p,p,n,p,p,n,n,n,n,n,p,p
243,p,p,p,p,p,p,p,n,p,p,n,n,n,p,p,n,p,p,p,n,n,p,n,n,p,n,n,n,p,p
244,p,p,p,p,p,p,p,p,p,p,p,p,p,p,p,p,p,p,p,p,p,p,p,p,p,p,p,p,p,n
245,p,p,p,p,p,p,p,p,p,p,p,p,p,p,n,p,p,p,p,p,p,p,p,p,p,p,p,p,p,p
246,p,n,p,p,p,n,p,p,p,n,p,n,p,p,p,p,p,p,p,p,p,p,p,p,n,p,p,p,n,p
247,p,p,p,p,p,p,p,p,p,p,p,p,p,n,p,p,p,p,p,p,p,p,p,n,n,p,p,p,p,p
248,n,n,p,n,p,p,n,p,p,p,p,n,n,n,p,p,n,n,p,p,p,p,n,p,n,n,p,p,p,p
249,p,n,p,p,p,p,p,p,p,p,n,p,p,p,n,p,p,n,p,p,p,p,p,n,p,p,p,p,p,p
250,p,p,p,p,p,p,n,p,p,p,p,p,p,p,p,p,p,p,p,p,p,p,p,p,p,p,p,p,p,p
251,p,p,p,p,p,p,p,p,p,p,p,p,n,p,p,p,p,p,p,p,p,p,p,p,p,p,p,p,p,p
252,p,p,p,p,p,p,p,p,p,p,p,p,p,p,p,p,p,p,p,p,n,p,p,p,p,p,p,p,p,p
253,p,p,p,p,p,p,p,p,n,p,n,n,n,n,p,p,p,p,p,p,p,p,p,n,p,n,p,n,p,p
254,p,p,p,p,n,p,n,p,n,p,p,p,p,p,n,n,p,p,n,n,p,n,n,p,n,p,p,n,n,n
255,p,p,n,p,p,p,n,p,p,p,p,p,p,n,p,p,p,p,p,p,p,n,p,p,p,n,p,p,p,n
256,p,p,p,p,p,p,p,p,p,p,p,p,p,p,p,n,p,p,p,p,p,p,p,p,p,p,n,p,n,p
257,n,n,p,n,n,p,p,n,p,p,p,p,n,n,n,n,p,n,p,p,p,p,p,p,p,n,p,p,p,n
258,p,p,p,p,p,p,p,p,p,p,p,p,n,p,p,p,p,p,p,p,n,p,p,p,p,p,p,p,p,p
259,p,p,p,p,p,p,p,n,p,n,n,p,p,p,p,p,p,n,p,n,n,p,p,p,n,p,p,n,n,n
260,p,p,p,p,p,p,p,p,p,p,p,p,p,p,p,n,p,n,p,p,p,p,n,p,p,p,p,p,p,n
261,n,p,p,n,p,n,p,n,p,p,p,p,n,p,n,p,p,p,p,n,p,p,p,p,n,p,n,n,p,p
262,p,p,p,p,p,p,p,p,p,p,p,p,p,p,p,n,p,n,p,p,p,p,p,p,p,p,p,p,p,n
263,n,p,p,p,p,p,p,n,p,p,n,n,p,n,p,p,p,n,p,p,p,p,p,p,p,n,p,p,p,p
264,n,p,p,n,p,n,p,n,n,p,p,n,p,n,n,p,p,n,p,p,p,p,n,p,p,p,p,n,p,p
265,n,n,p,n,n,p,n,p,p,p,n,p,n,n,n,p,p,p,p,n,p,n,n,n,p,n,n,n,n,n
266,p,p,p,p,p,p,p,n,p,p,p,p,p,n,p,p,n,p,p,p,p,p,p,p,p,p,p,n,n,p
267,p,p,n,p,p,p,p,p,p,p,n,p,p,p,p,p,p,n,p,p,n,p,p,p,p,p,p,p,p,p
268,n,p,p,p,n,p,n,p,p,p,n,p,p,p,n,p,p,p,n,n,p,p,p,p,n,p,p,p,p,n
269,n,p,n,p,p,n,n,p,p,p,p,p,p,p,p,p,p,p,p,p,p,p,p,n,p,p,p,p,n,p
270,p,n,p,p,p,p,n,n,p,n,n,p,n,p,n,n,p,n,p,p,p,p,n,p,p,p,n,p,p,p
271,p,p,p,p,p,p,p,p,p,p,p,p,p,p,p,p,p,p,p,p,n,p,p,p,p,p,p,p,p,p
272,p,p,p,p,n,p,p,p,p,p,p,p,p,n,p,p,p,p,p,p,p,p,p,p,p,p,p,p,p,p
273,p,p,n,p,p,p,p,p,n,p,n,n,p,p,p,n,p,p,p,p,p,n,p,p,n,p,p,p,p,p
274,p,p,p,p,n,p,n,p,p,p,p,n,p,p,n,p,p,p,p,p,p,p,n,n,p,p,p,p,p,p
275,p,p,p,p,p,p,p,p,p,p,p,p,p,p,p,p,p,p,p,n,p,p,p,p,p,p,p,p,p,p
276,p,p,n,p,p,p,p,p,p,p,n,p,p,p,p,p,p,n,p,n,n,p,p,p,n,p,p,n,n,p
277,n,n,p,p,n,p,p,p,p,n,p,p,p,n,p,n,p,p,p,p,p,p,p,n,p,p,p,p,n,n
278,p,p,p,p,p,p,p,p,p,n,p,n,p,p,p,p,p,p,p,p,p,p,p,p,p,p,p,p,p,n
279,p,p,p,p,p,n,p,p,p,p,p,p,p,p,p,p,p,p,p,p,n,p,p,p,p,p,p,p,p,p
280,p,n,p,p,p,p,p,p,p,p,p,p,p,p,p,p,p,n,p,p,p,p,p,p,p,p,p,n,p,p
281,p,p,p,p,p,p,p,p,p,p,p,p,p,p,p,p,p,p,p,p,p,p,p,p,p,p,p,p,p,p
282,p,p,p,p,p,p,n,p,p,p,p,n,p,p,n,p,p,p,p,n,p,p,p,p,p,p,p,p,p,p
283,n,p,n,p,p,p,n,p,p,n,n,p,p,n,p,n,p,n,p,p,p,p,p,n,n,p,p,p,p,p
284,p,p,p,p,p,n,p,p,p,p,p,p,p,p,p,p,p,p,p,p,n,p,p,p,p,p,p,p,p,p
285,p,p,p,p,p,p,p,p,p,p,p,p,p,p,p,n,n,p,p,p,p,p,n,p,p,p,p,p,p,n
286,p,n,p,p,p,p,n,p,p,p,p,p,p,p,p,p,p,p,p,p,p,p,p,p,p,p,p,p,p,p
287,n,p,p,p,p,p,p,p,n,n,p,p,p,p,p,p,p,n,p,n,n,p,n,p,p,p,p,n,n,n
288,p,p,p,n,n,n,n,p,p,n,p,p,p,p,n,p,n,p,n,n,p,p,p,p,p,p,p,p,p,p
289,p,p,p,p,p,p,n,n,p,p,p,p,p,p,p,n,n,n,p,p,p,p,p,p,p,p,p,p,n,p
290,p,p,p,p,p,p,p,p,p,p,n,n,p,p,p,p,p,p,p,p,p,p,p,p,p,p,p,p,p,p
291,n,p,n,p,p,p,p,n,n,p,p,p,n,p,n,p,p,n,p,p,p,p,p,p,p,p,n,p,p,n
292,p,p,n,p,p,p,p,p,p,n,p,n,p,n,p,n,p,p,p,n,p,p,p,p,p,p,p,p,p,n
293,p,n,p,p,n,p,p,p,p,p,p,p,n,n,p,p,p,p,n,p,p,p,p,n,p,p,p,n,p,p
294,p,p,p,n,p,n,p,p,n,n,p,p,p,p,p,p,p,p,p,p,n,n,n,n,p,n,p,n,p,n
295,p,n,p,p,p,p,p,p,n,p,p,p,p,n,p,p,p,p,p,p,p,p,p,p,p,p,p,p,p,p
296,p,p,p,p,p,p,p,n,p,n,p,p,p,p,n,p,n,p,p,p,p,p,p,p,n,p,p,p,n,n
297,p,p,p,p,p,p,p,p,p,n,p,n,p,p,p,p,p,p,p,p,p,p,p,p,n,p,p,p,p,p
298,n,p,n,n,n,p,n,p,n,n,n,n,p,n,p,n,p,p,p,p,p,p,p,n,p,p,p,n,p,p
299,p,p,p,p,p,p,p,p,p,p,p,p,p,p,n,p,p,p,p,p,p,p,p,p,p,p,p,n,n,p
300,p,n,n,p,p,p,p,p,p,p,p,p,p,p,p,p,p,p,p,p,p,p,p,p,p,p,p,p,p,p
301,n,p,n,p,n,p,p,p,p,p,p,n,n,p,p,p,p,p,p,p,p,n,p,p,p,p,n,n,p,n
302,p,p,p,p,p,p,p,p,p,p,p,p,p,p,p,p,p,p,p,p,p,p,p,p,p,p,p,p,n,p
303,p,p,n,p,p,n,p,p,n,p,p,p,n,p,n,n,n,p,n,n,p,p,p,p,n,n,p,n,p,n
304,p,n,p,p,p,p,p,p,p,n,p,p,p,p,p,p,p,p,p,p,p,p,p,p,p,p,p,p,p,n
305,p,p,p,p,p,p,p,n,p,p,p,n,p,p,p,p,p,p,n,n,p,p,p,p,n,p,p,p,p,p
306,p,p,p,n,p,p,p,n,n,p,p,p,p,p,p,n,n,p,n,p,p,p,p,p,p,p,p,p,p,p
307,p,p,p,p,p,p,n,n,p,p,p,n,p,p,p,n,n,p,p,p,n,p,n,p,p,p,p,p,n,n
308,n,p,p,p,p,n,p,p,n,n,p,p,p,p,p,p,p,p,p,p,n,p,p,p,p,p,p,p,p,p
309,p,p,p,n,p,p,n,n,p,p,p,p,p,n,p,p,p,p,p,p,p,p,p,p,p,p,p,p,p,p
310,p,p,n,n,p,n,n,p,p,p,p,n,n,p,p,p,n,p,n,p,p,p,p,p,p,p,p,p,p,p
311,n,p,p,p,p,n,p,p,p,n,p,n,n,n,p,p,n,p,n,p,p,n,p,n,p,p,p,n,n,n
312,n,p,p,n,p,n,p,n,p,p,p,p,p,n,p,p,n,n,p,p,p,p,p,p,n,n,p,p,p,p
313,p,p,p,p,p,p,p,p,n,p,p,p,p,p,p,p,p,n,p,p,p,p,p,p,p,p,p,p,p,p
314,n,n,p,p,p,p,p,p,p,p,n,n,p,n,p,p,p,p,p,p,p,p,p,p,p,p,p,p,p,p
315,n,p,p,n,p,p,n,p,p,p,p,p,n,p,p,n,p,p,p,p,p,p,n,p,p,p,p,p,p,p
316,n,p,p,p,p,p,p,p,p,p,p,p,p,p,p,n,p,p,p,p,p,p,p,p,p,p,p,p,p,p
317,p,p,p,p,p,p,p,p,n,p,p,p,p,n,p,p,p,p,p,n,p,p,p,n,p,n,p,p,p,p
318,p,p,p,p,p,p,p,p,n,p,p,p,p,p,p,p,n,n,p,p,p,n,n,p,p,n,p,p,p,p
319,p,p,p,p,p,p,p,p,n,p,n,p,p,p,p,p,p,p,p,p,p,p,p,p,n,p,p,p,p,p
320,p,p,p,p,n,p,p,p,p,p,p,p,p,p,p,p,p,p,p,p,p,p,n,p,p,p,p,p,p,p
321,p,p,n,p,n,p,n,p,p,n,p,p,p,p,p,n,p,p,n,p,p,p,p,p,p,p,p,p,p,p
322,p,p,n,p,n,p,p,p,p,p,n,p,n,p,p,n,p,p,p,p,p,p,p,n,p,n,p,p,p,p
323,p,n,p,p,p,p,p,p,p,p,p,p,p,p,p,p,p,p,p,n,p,p,p,p,n,p,n,p,n,p
324,p,p,p,p,p,p,p,p,p,p,p,p,p,p,p,p,p,p,p,p,p,p,p,n,p,p,n,p,p,p
325,p,p,n,p,p,p,p,p,p,n,p,p,p,p,p,p,p,p,p,p,p,p,p,p,p,p,p,p,p,p
326,p,n,p,p,p,p,p,p,p,p,p,p,p,p,p,p,p,p,p,p,n,p,p,p,p,n,p,p,p,p
327,p,p,p,p,p,p,n,p,p,p,p,n,p,p,p,p,p,p,p,p,p,n,n,p,n,p,p,p,n,p
328,p,p,p,p,p,p,p,p,n,p,n,p,p,n,n,p,p,p,p,n,p,p,p,p,n,p,p,n,p,p
329,p,p,p,n,p,p,p,p,p,p,p,p,p,p,n,p,p,p,p,n,p,p,n,p,n,n,p,p,p,p
330,p,p,p,p,p,p,p,p,p,p,p,n,p,p,p,p,p,p,p,p,p,p,p,p,p,p,p,p,p,p
331,p,p,p,p,p,p,p,p,n,n,p,p,p,p,p,p,p,p,p,n,p,p,p,p,p,p,p,p,n,n
332,p,n,p,p,p,p,p,p,p,p,p,p,n,n,p,p,p,p,p,p,p,p,p,p,p,p,p,p,p,p
333,p,p,p,p,p,p,p,p,p,p,p,p,p,p,p,p,p,p,p,p,p,p,p,p,p,p,p,p,n,p
334,p,n,p,p,n,n,p,p,p,p,n,p,p,p,p,p,p,p,p,p,p,p,p,p,p,p,p,p,p,p
335,n,p,p,p,p,p,p,p,p,p,p,p,p,p,p,p,p,n,p,p,p,p,p,p,p,p,p,p,p,p
336,p,p,p,p,n,p,p,p,p,p,n,p,p,p,p,p,p,p,p,p,p,p,n,p,p,p,n,p,p,p
337,p,p,p,p,p,p,p,n,n,p,n,p,p,n,n,n,n,p,p,p,p,n,p,n,n,p,n,p,p,p
338,p,p,p,p,p,n,p,p,p,p,p,p,p,p,p,p,p,p,p,p,p,p,p,p,p,p,n,p,p,p
339,p,p,p,p,p,p,p,n,p,p,p,p,p,n,p,p,n,n,p,n,n,p,p,p,n,n,p,n,n,p
340,p,p,p,p,p,p,p,p,p,p,p,p,p,p,p,p,p,p,p,p,p,p,p,n,p,n,p,p,p,n
341,p,p,p,p,p,p,n,p,p,n,p,p,p,p,p,p,p,p,p,p,p,p,p,p,p,p,p,p,p,p
342,n,p,p,p,p,p,p,p,n,p,p,p,p,p,p,n,p,p,p,p,n,p,p,p,p,p,p,p,p,p
343,p,p,n,p,n,n,n,p,p,p,n,n,p,p,n,p,n,p,n,p,n,p,n,n,p,p,p,p,p,p
344,p,p,p,n,p,p,p,p,p,p,p,p,p,p,p,p,p,p,p,p,p,p,p,p,p,p,p,p,p,n
345,p,p,p,p,n,p,p,p,p,p,p,p,p,p,n,p,p,p,p,p,n,p,p,p,p,p,p,p,p,p
346,p,p,n,p,p,p,p,n,p,p,p,p,p,p,n,p,n,p,p,p,p,n,p,n,n,n,n,p,p,n
347,p,p,p,p,p,p,p,p,p,p,p,p,p,p,p,p,p,n,p,n,p,p,p,p,p,p,p,p,p,p
348,p,p,n,p,p,p,p,p,p,p,p,p,p,p,p,p,p,p,p,n,n,n,p,p,p,p,p,p,p,p
349,p,p,p,p,p,p,p,p,n,p,p,p,p,p,n,p,p,p,p,p,p,p,p,p,p,p,p,p,p,p
350,p,p,p,p,p,n,p,p,p,p,p,p,p,p,p,p,p,p,p,p,p,p,p,p,p,p,n,p,p,n
351,n,p,p,n,p,p,p,p,n,n,n,n,p,n,p,p,p,p,p,p,p,p,p,p,p,n,p,p,n,p
352,p,p,p,p,p,p,p,p,n,p,n,p,p,p,p,p,p,p,p,p,p,p,n,p,n,p,n,p,p,p
353,p,n,p,n,p,p,p,p,n,p,p,p,p,p,p,p,p,p,n,p,p,p,p,p,p,n,p,p,p,p
354,p,n,n,p,n,p,p,p,p,p,n,p,p,p,n,p,n,n,n,p,p,p,p,n,p,p,n,p,p,p
355,n,p,n,p,n,p,p,p,p,p,p,n,p,p,p,p,p,p,p,p,p,n,n,p,p,p,n,p,p,p
356,p,p,p,n,p,p,p,p,p,p,p,p,p,p,p,p,p,p,p,p,p,p,p,n,p,p,p,p,p,p
357,p,p,p,n,p,n,p,p,p,p,p,p,p,p,p,p,p,p,p,p,n,p,p,p,p,p,p,p,p,p
358,p,p,p,p,p,p,n,p,p,p,p,p,n,p,p,p,p,n,p,p,p,p,p,p,n,p,p,n,p,p
359,p,p,p,p,p,p,p,p,p,p,p,p,p,n,p,p,n,p,p,n,p,n,p,p,p,p,p,p,n,p
360,p,p,p,p,p,n,p,p,p,p,p,p,p,p,p,p,p,p,p,p,p,n,p,p,p,p,p,p,p,p
361,p,p,p,p,p,n,p,p,p,p,p,p,p,p,p,p,p,p,p,p,p,p,p,p,p,p,p,p,p,p
362,p,n,n,p,p,n,p,n,n,p,p,p,p,n,p,p,p,p,p,p,p,p,p,p,p,p,p,n,p,p
363,n,p,p,p,p,p,p,n,p,p,p,n,p,n,p,p,n,p,p,n,p,p,p,n,p,p,p,p,p,p
364,p,p,n,p,p,p,p,p,p,p,p,n,p,p,p,p,p,p,p,p,p,p,p,n,p,p,p,p,p,p
365,n,p,p,p,p,p,n,p,p,p,p,p,n,p,n,p,p,p,p,p,p,n,p,p,p,n,p,n,n,p
366,n,p,p,p,p,p,p,p,p,n,p,n,n,p,p,p,n,p,p,p,n,p,p,p,p,p,p,p,p,p
367,p,p,p,p,p,n,p,n,p,p,p,p,p,p,p,p,p,p,n,p,p,n,p,p,p,n,p,p,p,p
368,p,p,p,p,p,p,p,p,p,p,p,p,p,p,p,p,p,n,p,p,p,p,p,p,p,p,p,p,p,p
369,p,p,n,p,p,p,p,p,p,p,p,n,p,p,p,p,p,p,p,p,p,p,n,p,p,p,p,p,p,p
370,p,p,p,p,p,p,p,p,p,p,p,p,n,p,p,p,p,p,p,p,p,p,p,p,p,p,p,p,p,p
371,p,n,n,p,p,p,p,n,p,p,p,n,p,p,p,p,p,p,p,p,p,p,n,p,p,p,p,p,p,p
372,p,p,p,p,n,p,p,p,p,p,p,n,n,n,p,p,p,p,p,p,p,p,p,n,p,n,p,n,n,p
373,p,p,p,p,p,n,p,p,p,p,p,p,p,p,p,p,p,p,p,n,p,p,p,p,p,p,p,n,n,n
374,p,p,p,p,p,p,p,n,p,p,p,p,p,p,p,p,p,n,p,p,n,p,p,p,p,n,p,p,p,n
375,p,p,p,p,n,p,n,p,p,p,p,p,p,p,p,p,p,p,p,n,p,p,p,p,p,p,p,p,n,p
376,p,p,p,n,p,n,p,p,p,p,p,p,p,p,p,p,p,p,p,p,p,p,p,p,p,p,p,p,n,p
377,p,p,p,p,p,p,p,p,p,p,p,n,p,p,p,p,p,p,p,p,p,p,p,p,p,p,p,p,p,p
378,p,p,p,n,p,p,p,p,p,p,p,p,p,n,n,n,p,p,n,p,p,p,p,p,p,p,n,p,n,n
379,n,n,p,n,n,n,p,p,p,p,n,p,p,p,p,p,n,p,n,n,p,n,n,n,n,p,p,p,p,n
380,p,p,p,p,p,p,n,p,p,p,p,n,n,n,n,p,n,p,p,n,p,p,p,p,p,p,p,n,n,n
381,p,n,p,n,p,p,p,p,p,p,p,p,p,p,p,p,p,p,p,p,p,p,p,p,p,p,p,p,p,p
382,p,p,p,n,p,p,p,p,p,p,p,p,n,p,p,p,p,p,n,p,p,p,n,n,p,p,p,n,p,n
383,p,p,n,p,n,n,p,p,n,p,p,p,p,p,p,p,p,n,p,n,p,p,p,n,p,n,n,p,p,p
384,p,p,p,p,p,p,p,p,p,n,p,p,p,p,p,p,n,p,p,p,p,p,n,p,p,p,p,p,p,p
385,p,p,p,p,p,p,p,p,p,p,p,p,p,p,p,p,p,p,p,p,p,p,p,p,p,p,p,p,p,p
386,p,p,n,p,n,p,p,p,p,n,p,p,p,p,p,p,p,n,p,p,p,p,p,p,p,p,p,n,n,n
387,p,p,p,p,p,p,p,p,p,p,n,p,p,p,n,p,p,p,p,p,p,p,n,p,p,p,p,p,p,p
388,p,p,p,n,p,p,p,n,p,n,p,p,p,p,p,p,p,n,p,p,p,p,p,n,p,n,p,p,p,p
389,n,n,n,p,n,p,n,p,p,n,n,n,n,p,n,p,p,n,n,n,n,p,p,p,p,n,n,p,n,n
390,p,p,p,p,p,p,p,p,p,p,p,p,n,n,p,n,p,p,p,p,p,p,p,p,p,p,p,p,p,p
391,p,p,p,p,p,p,p,p,p,n,p,p,p,p,p,p,p,p,p,p,n,p,p,p,p,p,p,p,p,p
392,p,p,p,p,n,p,p,p,p,n,p,n,p,p,p,n,p,p,p,p,p,p,p,p,p,p,p,p,p,p
393,n,n,p,p,p,n,p,n,n,p,n,p,n,n,n,n,n,p,p,n,p,p,p,n,p,n,n,n,n,n
394,p,p,p,n,n,p,n,p,p,p,p,n,p,p,p,p,p,p,n,p,p,p,n,p,p,p,p,n,p,n
395,p,p,p,p,p,n,p,p,p,p,p,p,p,p,p,n,p,p,p,n,p,p,n,p,p,p,p,p,n,p
396,p,p,p,p,p,n,p,n,p,p,p,p,p,n,p,p,n,p,p,p,p,p,p,p,p,p,p,p,p,p
397,p,p,p,p,p,p,p,p,p,p,p,p,p,p,p,p,p,p,p,p,p,p,p,p,p,n,p,p,p,p
398,n,n,n,p,n,p,n,n,p,n,n,n,n,p,p,n,n,p,n,n,p,n,p,p,p,n,p,n,n,p
399,p,n,p,p,p,p,n,p,n,n,p,p,p,p,p,p,p,p,p,n,p,n,p,n,n,n,n,p,p,p
400,p,p,n,n,p,p,n,p,p,n,n,n,n,n,p,p,p,p,n,n,p,p,n,p,p,n,n,p,n,p
401,p,p,p,n,p,p,n,p,p,p,p,p,p,p,p,p,p,p,p,p,p,n,p,p,p,p,n,p,p,p
402,n,p,p,p,p,p,p,p,p,p,p,p,p,n,p,p,n,p,p,p,p,p,n,p,p,p,p,p,p,n
403,p,p,p,n,p,p,p,p,p,p,p,n,p,p,p,p,p,p,p,p,p,p,p,p,p,p,p,p,p,n
404,p,p,p,p,p,p,p,p,p,p,p,p,p,p,p,p,p,p,p,p,p,n,p,p,p,p,n,p,p,p
405,n,n,p,p,n,n,p,p,n,n,p,p,n,n,p,p,n,p,p,n,n,p,p,p,p,p,p,n,p,n
406,p,p,p,p,p,p,p,n,p,p,p,p,p,p,p,p,n,p,p,p,p,p,p,n,p,n,p,p,p,p
407,p,n,p,n,n,p,p,p,n,n,p,p,p,n,p,p,n,n,n,p,p,p,p,n,p,p,n,p,p,p
408,p,n,p,p,p,p,p,p,p,n,n,p,n,p,p,p,p,p,n,p,p,n,p,p,n,p,n,p,n,n
409,n,p,p,p,p,p,p,p,p,n,p,p,p,p,p,p,p,p,p,p,p,p,p,p,p,n,p,p,p,p
410,p,p,n,p,p,p,p,n,p,p,p,n,n,p,n,p,n,n,p,p,p,p,p,n,p,p,p,p,p,p
411,p,p,p,p,p,n,p,n,p,p,p,n,p,p,p,n,p,p,p,p,n,p,p,p,p,n,p,p,p,p
412,p,p,n,p,p,p,p,p,n,p,p,p,p,p,p,p,n,p,p,p,p,p,p,p,p,p,p,p,n,p
413,p,p,p,p,n,p,n,p,n,p,p,n,p,n,n,p,n,n,n,p,p,p,p,n,p,n,p,n,p,n
414,p,p,p,n,p,p,p,p,p,p,n,p,p,p,p,p,p,p,p,p,p,p,p,p,n,p,p,p,p,p
415,p,p,p,p,p,p,p,p,p,p,p,p,p,n,n,p,p,n,p,p,p,p,p,n,p,p,p,p,p,p
416,n,p,n,n,p,p,p,p,n,n,p,n,p,p,p,p,n,p,n,p,n,p,p,p,p,n,p,p,p,p
417,p,p,p,p,p,p,p,p,p,n,p,p,p,p,p,p,p,p,p,p,p,n,p,p,p,p,p,n,p,p
418,n,n,n,p,p,p,p,p,p,n,n,n,n,p,n,n,n,n,p,n,n,n,p,n,n,p,n,p,n,p
419,p,p,p,p,p,p,p,p,p,p,p,p,p,n,p,p,p,p,p,p,n,p,p,p,n,n,p,p,p,p
420,n,n,p,p,p,p,p,p,p,p,p,p,n,n,p,p,p,n,p,p,n,p,p,p,p,p,p,p,p,p
421,p,p,p,p,p,p,p,p,p,p,p,p,n,p,p,p,p,n,p,p,p,p,p,p,p,n,n,n,p,p
422,p,p,p,p,p,p,p,p,n,p,n,p,p,p,p,p,p,p,p,p,p,p,p,p,p,p,p,p,p,p
423,p,p,p,p,p,p,p,p,p,p,p,p,p,p,p,n,p,p,p,p,p,p,n,n,p,p,n,p,p,p
424,p,n,p,p,p,p,p,p,p,p,p,p,n,p,p,p,p,p,p,p,p,p,p,p,n,p,p,p,p,p
425,n,p,p,p,p,p,p,p,p,p,p,p,p,n,p,p,p,p,n,p,n,n,n,p,n,p,p,p,p,p
426,p,p,p,n,n,p,n,n,p,n,n,n,n,p,p,p,n,p,p,n,p,p,n,p,p,p,p,p,p,p
427,p,p,p,p,p,p,p,p,p,p,p,p,p,p,p,p,p,p,p,p,p,p,p,p,p,n,p,p,p,p
428,n,p,p,n,p,p,p,p,p,p,p,p,p,p,p,p,p,p,p,p,n,n,n,p,p,p,p,p,n,p
429,p,p,n,p,p,p,n,p,p,p,p,p,n,p,p,p,n,p,p,p,p,n,p,p,n,p,p,n,p,p
430,p,p,p,p,p,p,p,p,p,p,p,p,n,p,p,p,p,p,p,p,p,p,p,p,n,n,n,p,p,p
431,p,p,p,p,p,p,n,p,p,n,p,p,p,p,n,p,p,p,p,p,p,n,p,p,p,p,p,p,p,p
432,n,p,p,p,p,p,p,p,p,n,p,p,p,p,n,n,p,p,p,p,p,p,p,p,n,n,n,p,p,p
433,p,p,p,p,p,p,p,n,p,p,p,p,p,n,n,p,n,n,p,p,p,n,p,p,p,p,p,p,p,p
434,p,p,p,p,p,p,p,p,p,p,p,p,p,n,p,p,p,p,p,p,p,p,p,p,n,p,n,n,p,p
435,p,p,p,p,p,p,p,n,p,p,p,n,p,p,p,p,p,p,p,p,p,p,p,p,p,p,n,p,p,p
436,p,n,p,n,n,p,p,p,p,p,p,p,n,p,p,p,n,p,p,p,n,n,p,p,p,p,p,p,p,p
437,p,p,p,p,p,p,p,p,p,p,p,p,p,n,p,p,p,n,p,p,p,n,p,p,p,p,n,p,p,p
438,n,p,p,p,p,p,p,p,p,p,p,p,p,p,p,p,p,n,n,n,p,n,p,p,p,n,p,p,p,p
439,p,n,p,p,p,n,n,n,p,p,n,p,p,p,p,p,p,p,n,n,p,p,n,n,p,n,n,p,n,p
440,p,p,p,p,p,n,p,p,p,p,p,p,p,p,p,p,p,p,p,p,p,p,n,p,p,p,p,p,p,p
441,n,n,p,p,p,p,p,p,n,p,p,p,p,p,p,n,p,p,p,p,p,p,p,p,p,p,n,p,p,n
442,p,p,n,n,n,p,p,p,n,n,n,n,n,p,n,p,p,p,n,n,p,p,p,n,p,n,p,n,p,n
443,p,p,p,p,p,p,p,p,p,p,p,p,p,p,p,p,p,p,p,p,p,p,p,p,p,p,p,p,p,p
444,p,p,p,p,p,p,p,p,n,p,p,p,p,p,p,p,p,p,p,p,p,p,p,p,p,p,p,n,p,p
445,p,p,p,p,p,p,p,p,p,p,n,p,p,p,p,n,p,p,p,p,p,p,p,p,p,n,p,p,n,p
446,p,n,n,p,p,p,p,p,p,p,p,p,p,p,p,p,p,p,p,p,p,p,p,p,p,p,p,p,p,p
447,p,p,p,n,p,p,p,p,p,p,p,n,p,p,p,p,p,n,p,p,p,p,p,p,p,p,p,p,p,p
448,p,p,n,p,n,p,p,p,p,n,p,p,p,p,p,p,n,p,p,p,p,p,p,p,n,p,p,p,p,p
449,p,p,p,p,p,p,p,n,p,n,p,p,n,p,p,p,n,n,p,p,p,p,p,p,p,p,p,p,p,p
450,p,p,p,p,p,p,p,p,p,p,p,p,n,n,p,p,p,p,n,n,p,n,p,p,p,p,p,p,p,p
451,p,p,p,p,n,p,p,p,p,p,p,p,n,p,n,p,p,p,n,p,p,p,p,p,p,p,p,n,n,n
452,p,p,n,p,p,p,p,p,n,p,p,n,p,p,n,p,p,p,p,p,p,p,p,n,p,p,p,p,p,p
453,n,n,p,p,p,p,p,p,p,n,p,p,p,p,n,p,n,n,p,p,p,p,p,n,n,p,p,n,n,n
454,p,p,p,p,p,n,n,p,p,p,p,p,n,p,n,p,p,p,p,p,p,n,p,n,p,p,n,n,n,p
455,p,n,p,n,p,p,p,p,p,p,p,p,p,p,p,p,n,p,p,p,p,p,p,p,p,p,p,p,p,p
456,n,n,p,p,p,p,n,n,p,p,n,n,p,p,p,n,p,n,p,p,p,p,n,p,n,n,p,p,p,p
457,p,p,p,p,p,p,p,n,p,n,n,p,p,n,p,p,p,p,p,n,n,n,n,p,p,p,p,p,n,p
458,p,p,p,p,p,p,p,p,p,p,p,p,p,p,p,p,n,n,p,p,p,p,p,p,p,n,n,p,n,p
459,p,p,p,p,n,p,n,p,p,p,n,p,p,p,p,p,p,p,n,n,p,p,p,p,p,p,p,p,n,p
460,p,p,p,p,p,p,n,p,p,n,n,n,p,n,p,p,p,p,p,p,n,p,p,p,p,p,p,p,p,p
461,p,n,p,p,p,p,p,p,p,p,p,p,n,p,n,p,p,p,p,n,p,p,n,p,p,n,p,n,p,p
462,n,p,p,p,p,p,p,p,p,p,p,p,p,p,p,n,p,n,p,p,p,p,p,p,p,p,p,p,p,p
463,p,p,p,p,p,p,n,p,p,p,p,p,n,p,n,p,p,p,p,p,p,n,p,p,p,p,p,p,n,p
464,n,p,p,p,p,n,p,n,p,p,p,n,p,p,p,p,p,p,p,p,p,p,p,p,p,n,p,p,p,n
465,p,p,p,p,p,p,p,p,p,n,p,n,n,n,n,n,p,p,n,p,n,p,n,p,p,p,p,n,p,p
466,p,p,p,p,p,p,p,p,n,n,p,p,p,p,p,p,p,p,n,p,n,p,p,p,p,p,p,p,p,p
467,n,p,p,p,p,p,p,p,p,p,p,p,p,p,p,p,p,p,p,p,p,p,p,p,p,p,p,p,p,p
468,p,n,p,p,p,p,p,n,n,n,n,p,p,p,p,n,p,p,n,p,p,p,p,p,p,n,p,n,p,p
469,n,p,n,p,p,p,p,p,p,p,p,n,p,p,p,p,n,p,n,p,p,p,p,p,p,p,n,p,p,n
470,p,p,p,p,p,p,p,p,p,p,p,n,n,p,p,p,p,p,n,p,p,p,n,p,p,p,p,p,p,n
471,p,n,p,p,p,p,p,n,p,p,p,p,n,p,p,p,p,n,p,n,p,p,p,p,p,p,p,n,p,p
472,p,p,p,p,p,p,p,p,p,p,p,p,p,p,p,p,p,p,p,p,p,p,p,p,p,p,p,p,p,p
473,p,p,n,n,n,n,p,p,n,p,p,p,n,p,p,p,p,p,p,n,n,p,p,p,n,p,p,n,p,n
474,p,p,p,p,p,p,p,p,p,n,p,p,p,p,p,p,p,p,p,p,p,p,p,p,p,n,p,p,n,p
475,p,p,p,p,p,p,p,p,p,p,p,p,p,n,p,p,p,p,p,p,p,p,p,p,p,n,n,p,p,p
476,p,n,p,p,p,p,p,p,p,p,p,p,p,p,p,p,p,p,p,p,p,p,p,p,p,p,p,p,p,p
477,n,n,p,p,p,n,n,p,p,p,p,p,n,n,p,n,n,p,n,p,p,p,p,p,p,p,p,n,p,p
478,n,p,p,n,p,p,p,p,n,p,p,p,p,p,p,p,p,p,p,p,p,p,p,p,p,p,p,p,p,n
479,p,p,n,p,p,p,p,p,n,p,p,n,n,p,p,n,n,p,n,p,n,p,p,n,p,p,p,p,n,p
480,p,n,p,p,p,p,p,p,p,n,n,p,p,p,p,n,p,p,p,p,p,n,n,p,p,p,n,p,n,p
481,p,p,p,p,n,p,p,p,p,p,p,p,p,p,p,p,p,p,p,p,p,n,p,n,p,p,p,p,n,p
482,p,p,p,p,p,p,n,p,p,n,p,p,p,n,p,n,n,p,p,p,p,n,p,n,p,p,n,p,n,p
483,p,p,n,n,n,n,p,p,p,p,p,n,p,p,p,n,p,p,p,p,p,p,p,p,p,n,n,p,p,p
484,p,p,p,n,n,n,p,p,p,p,p,p,n,p,p,n,p,p,n,p,p,n,n,p,p,p,n,n,n,p
485,p,p,p,p,p,p,p,p,p,p,p,p,p,p,p,p,p,p,p,p,n,p,p,p,p,p,p,p,p,p
486,p,p,n,p,n,p,n,p,p,n,p,p,n,p,p,p,n,p,p,p,p,p,p,p,p,n,p,n,p,n
487,p,p,p,p,p,p,p,p,p,n,p,p,p,p,p,n,p,p,p,p,p,p,p,p,n,p,p,p,p,p
488,p,n,p,p,n,p,p,n,p,p,p,p,p,n,n,p,p,p,n,p,p,p,n,n,p,p,p,p,p,p
489,n,p,p,p,p,p,p,p,p,p,p,p,p,p,p,p,p,p,p,p,p,p,n,p,n,p,n,p,p,n
490,p,p,n,p,p,p,p,p,p,p,p,p,p,p,p,p,n,n,p,p,p,p,p,p,n,p,p,p,p,p
491,p,p,p,p,n,p,p,p,p,p,p,p,p,p,p,p,p,p,p,p,p,p,p,p,p,p,p,n,p,p
492,p,p,p,n,p,p,n,p,p,p,p,p,n,p,p,p,n,p,p,p,p,p,p,p,p,p,p,p,p,n
493,p,p,n,p,p,n,n,p,p,p,n,p,n,p,p,n,p,n,n,p,n,p,p,p,p,n,p,p,p,p
494,p,p,p,p,p,p,p,p,n,p,p,p,p,n,p,p,p,p,p,p,p,p,p,n,p,p,p,n,p,p
495,p,p,p,p,p,p,p,p,p,p,p,n,n,p,p,p,p,n,p,p,p,p,p,p,p,p,p,p,p,p
496,n,p,p,p,p,p,p,n,p,p,p,p,p,p,p,p,p,n,p,p,p,p,p,p,p,p,p,p,p,p
497,p,p,p,p,p,n,n,p,p,p,p,n,p,p,p,p,p,p,p,p,p,n,n,p,p,p,n,p,n,p
498,p,p,p,p,p,n,p,p,p,p,p,p,p,p,p,p,p,p,p,p,p,p,p,p,p,p,p,n,p,p
499,p,p,n,p,p,n,p,p,p,p,p,p,p,n,p,n,p,p,n,p,n,p,p,p,p,p,p,p,n,n
500,p,n,n,p,p,n,n,p,p,p,p,n,n,n,p,p,p,p,p,p,n,n,n,p,p,n,p,p,p,n
501,p,p,p,p,p,p,p,p,p,p,p,p,p,p,p,p,p,p,p,p,n,p,p,p,p,p,p,p,p,p
502,p,p,p,p,p,p,p,p,n,p,p,p,p,p,p,p,p,p,p,p,p,p,p,p,p,p,n,p,p,p
503,p,p,p,p,p,p,p,p,p,p,p,p,p,n,p,n,p,p,n,n,p,p,p,p,p,p,p,p,n,p
504,p,n,p,p,p,p,p,n,p,p,p,p,n,p,p,p,p,p,p,p,p,p,n,p,p,p,p,p,p,p
505,p,p,p,p,p,p,p,p,p,p,p,n,p,p,n,p,n,n,p,p,n,p,p,p,n,p,p,p,p,p
506,n,p,p,p,n,p,p,p,p,p,p,p,p,p,p,p,p,p,n,p,p,p,p,p,p,p,p,p,p,p
507,p,n,p,p,p,p,p,n,p,p,p,n,n,p,p,p,n,n,p,n,p,p,p,p,p,p,p,p,p,p
508,p,p,p,p,p,p,p,p,p,p,p,n,p,p,p,p,p,p,n,p,p,p,p,p,p,p,p,p,n,p
509,p,p,p,p,p,p,n,p,p,p,p,p,p,p,p,p,n,n,p,p,p,p,p,p,p,p,p,p,p,p
510,n,n,p,p,n,n,p,p,n,p,p,n,p,p,p,p,n,p,p,p,n,p,n,p,n,n,p,p,n,n
511,p,p,p,p,p,p,p,p,p,n,p,p,p,p,p,p,p,p,p,p,p,n,p,p,n,p,p,p,p,p
512,p,p,p,p,p,p,p,p,p,p,p,p,p,p,p,p,p,p,p,p,p,p,p,p,p,p,p,p,p,p
513,p,p,p,p,p,p,p,p,p,p,p,p,p,n,p,p,p,p,p,p,p,p,p,n,p,p,p,p,p,p
514,p,p,n,p,p,p,p,p,p,p,p,p,p,n,p,p,p,n,n,p,n,p,p,p,n,n,p,n,n,p
515,n,n,n,n,p,p,p,p,p,p,p,p,n,p,p,p,p,p,p,p,p,n,p,p,p,p,p,p,p,p
516,p,n,p,p,p,p,p,p,n,p,p,p,n,n,p,p,n,p,p,p,p,n,p,p,p,p,p,p,p,p
517,n,p,p,p,p,n,p,p,p,p,p,p,p,p,p,p,p,p,p,p,p,p,p,p,p,p,p,p,n,p
518,p,p,p,p,n,p,p,n,p,p,p,p,p,p,p,p,p,p,p,p,n,n,p,p,p,p,p,p,p,p
519,p,p,p,p,p,p,p,p,p,n,p,p,p,p,p,p,p,p,p,p,p,p,p,p,p,p,p,p,p,p
520,p,p,n,p,p,p,p,p,p,p,p,p,p,p,n,p,p,p,p,p,p,p,p,p,p,p,p,n,p,p
521,p,p,p,p,p,p,p,n,n,p,n,p,p,p,p,p,p,p,p,p,p,p,p,n,p,p,p,p,p,n
522,p,p,n,p,p,p,p,p,p,n,p,p,n,p,p,p,p,p,p,n,p,p,p,p,p,p,p,n,p,p
523,p,p,p,p,p,p,p,p,p,p,p,p,p,p,p,n,p,p,p,n,p,p,n,p,p,p,p,p,n,p
524,p,p,p,p,p,p,p,p,p,p,p,p,p,n,n,p,p,p,p,p,p,p,p,p,p,p,n,p,p,p
525,p,p,p,n,p,p,n,n,p,p,n,p,p,n,p,n,p,p,n,p,p,p,p,n,p,n,p,p,n,n
526,p,p,p,p,p,n,p,p,n,p,p,n,p,p,p,n,p,p,n,p,n,n,p,p,p,p,p,n,p,p
527,p,p,p,p,p,n,n,n,p,p,p,n,p,p,n,p,p,p,p,p,n,p,p,n,p,p,p,n,p,n
528,p,p,p,p,p,p,p,p,p,p,p,p,p,p,p,p,p,p,p,p,p,p,p,p,p,p,p,p,p,p
529,p,p,p,p,n,p,p,p,p,p,n,p,p,p,p,p,p,p,p,p,p,p,p,p,p,p,n,p,p,p
530,p,p,p,p,n,p,n,p,p,n,p,p,p,n,n,p,n,p,p,n,n,n,p,p,p,p,n,n,p,n
531,p,p,p,p,p,p,p,p,p,p,n,p,p,p,p,p,p,p,n,p,n,p,n,p,p,p,n,p,p,p
532,p,n,p,n,n,n,p,p,n,p,p,n,p,n,p,p,n,n,p,p,n,p,p,n,n,p,p,n,n,n
533,p,p,p,p,n,n,p,p,p,p,p,p,p,n,p,p,p,p,p,p,p,p,p,p,p,p,p,p,n,p
534,p,p,p,p,p,p,p,n,p,p,p,p,p,n,p,p,p,p,p,p,p,p,p,p,p,n,n,p,p,p
535,p,n,p,p,p,n,p,p,p,p,p,n,p,p,p,p,p,p,n,n,p,p,p,p,n,p,p,p,p,n
536,p,p,p,p,p,p,p,p,n,p,p,p,p,p,p,p,p,p,n,p,p,p,n,p,p,n,n,p,n,p
537,p,p,p,p,p,p,p,p,p,p,p,p,p,p,p,p,p,p,n,n,p,n,n,p,p,p,p,n,p,p
538,p,p,n,p,p,n,p,p,p,p,p,p,n,p,p,p,n,p,n,p,p,p,p,p,p,p,p,p,p,p
539,n,p,n,p,p,p,p,n,p,p,n,p,p,n,p,p,p,n,p,n,p,p,n,n,p,p,n,p,p,p
540,p,p,p,n,p,p,p,p,n,p,p,n,p,p,p,n,p,p,n,p,p,p,p,p,p,p,n,p,p,p
541,p,n,p,p,p,p,p,p,p,n,p,p,p,p,n,p,p,p,n,n,n,n,n,p,p,p,n,p,n,n
542,p,p,p,p,p,p,p,n,p,p,n,n,p,p,p,p,p,p,p,p,p,p,p,p,p,p,p,p,p,p
543,n,p,n,n,p,n,p,n,n,n,p,p,p,p,p,p,n,n,p,p,n,p,p,p,p,p,n,p,p,p
544,n,p,n,n,p,p,n,p,n,n,n,n,p,p,n,n,n,p,n,n,n,n,n,p,n,p,n,p,p,p
545,p,p,n,p,p,p,p,n,p,n,p,p,p,p,p,n,n,n,p,n,p,p,p,p,p,p,p,p,p,p
546,n,p,p,p,p,n,p,p,p,n,p,p,p,p,p,p,p,p,p,n,p,p,n,n,p,p,p,p,n,p
547,p,p,p,p,p,p,p,n,p,p,n,p,p,p,p,p,n,p,p,p,p,p,p,p,n,p,n,n,p,p
548,p,p,p,p,p,p,p,n,n,p,p,p,p,p,p,p,p,p,p,p,n,p,n,p,p,p,p,p,p,p
549,p,p,p,p,p,p,p,p,n,p,p,p,p,p,p,n,p,p,n,p,p,p,p,p,p,p,p,p,p,p
550,n,n,n,p,p,n,p,n,p,n,p,p,p,p,p,n,n,n,p,p,p,p,n,n,p,p,n,n,n,p
551,p,p,p,p,p,p,p,p,p,p,p,p,n,p,p,p,p,p,p,p,n,p,n,p,p,p,p,p,n,n
552,n,p,p,p,p,n,p,p,p,n,n,p,p,n,p,p,p,p,p,n,p,p,p,n,p,p,p,p,p,p
553,p,p,p,p,p,p,p,n,p,p,p,p,p,p,n,p,p,p,p,p,p,p,p,p,p,p,n,p,p,n
554,p,p,p,n,p,p,p,p,p,p,p,p,p,p,p,p,p,p,p,p,p,p,p,p,p,p,n,n,p,p
555,p,p,p,p,n,n,n,p,n,p,n,p,n,n,n,p,n,p,p,p,p,p,n,p,n,n,p,p,n,n
556,n,p,p,p,n,p,p,p,p,p,p,p,p,p,p,p,p,p,p,p,p,p,p,p,p,p,p,p,p,p
557,p,p,n,n,p,p,p,p,p,p,p,p,p,p,n,p,p,p,p,p,p,p,p,p,p,p,p,p,p,p
558,n,p,p,p,p,p,p,p,p,n,p,p,p,n,n,n,p,n,p,p,p,n,p,p,p,p,p,p,p,p
559,p,p,p,p,p,n,n,n,p,p,p,p,p,p,p,p,p,p,p,p,p,n,n,p,p,p,p,n,p,p
560,p,n,n,p,p,p,p,n,p,n,n,n,n,p,p,n,p,p,p,n,p,n,p,p,p,p,p,p,n,p
561,n,n,n,p,n,p,n,p,p,p,p,n,n,p,p,n,p,p,p,n,p,n,n,n,p,n,p,n,p,p
562,p,p,p,p,p,p,p,n,p,p,p,p,n,p,p,n,p,p,n,p,n,n,p,p,n,p,n,p,p,p
563,p,p,p,p,p,n,p,p,p,p,p,p,n,p,p,p,p,p,p,p,p,n,p,p,p,p,p,p,n,p
564,p,p,p,n,p,p,n,p,n,p,p,p,p,p,p,p,p,p,p,n,p,p,p,p,p,p,p,p,n,p
565,p,p,p,p,n,p,n,n,p,p,p,p,p,p,n,n,p,n,p,p,p,p,p,p,p,n,n,n,p,p
566,p,p,n,n,p,p,p,p,p,p,n,p,p,p,p,p,p,p,p,p,p,n,p,p,p,p,p,p,p,p
567,n,p,n,n,p,p,p,p,p,p,p,p,p,p,n,p,p,n,n,p,p,p,p,p,p,p,p,p,n,p
568,p,p,p,p,p,p,p,p,p,p,p,p,p,p,p,p,p,p,p,p,p,p,p,n,p,p,p,p,p,p
569,p,n,p,p,p,p,p,p,n,p,p,p,p,p,p,p,p,p,n,n,n,p,p,p,p,p,p,p,p,p
570,p,p,n,p,n,p,p,n,p,p,p,n,p,p,n,n,p,n,p,n,p,p,n,n,p,p,p,p,n,p
571,n,n,p,n,p,n,n,n,p,n,p,p,p,p,p,p,n,p,n,p,n,n,p,n,n,p,n,p,n,n
572,p,p,p,p,p,p,p,p,p,p,p,p,p,p,p,p,n,p,p,p,p,p,p,p,p,p,p,p,n,p
573,n,p,n,n,n,n,p,n,n,p,n,p,n,p,p,p,n,n,p,p,p,p,p,p,p,n,p,p,p,n
574,p,p,p,p,n,n,p,p,p,p,p,p,p,p,p,p,n,p,p,p,p,p,p,p,p,p,p,p,p,p
575,p,n,p,p,p,p,p,p,p,p,p,p,p,p,p,p,p,p,p,n,p,p,p,p,p,p,p,p,p,p
576,p,p,p,p,p,p,p,p,p,p,p,p,p,p,p,p,p,p,p,p,p,p,p,p,p,p,p,p,p,p
577,p,n,p,p,p,n,p,p,n,p,p,p,n,n,p,p,p,p,p,p,p,p,p,n,p,p,p,p,p,p
578,p,p,p,p,p,n,p,p,p,n,p,p,p,p,p,p,p,p,n,p,p,n,p,p,p,n,p,n,p,n
579,n,p,p,p,p,p,p,p,n,p,n,p,p,p,n,p,p,n,p,p,p,n,n,p,p,p,n,n,p,p
580,p,p,p,p,p,p,p,p,p,p,p,n,p,p,p,p,p,p,p,n,p,p,n,n,p,p,n,p,p,p
581,p,p,p,p,p,p,p,n,p,p,p,p,p,p,n,p,p,p,p,p,n,p,p,n,p,n,p,n,p,
582,p,n,p,p,p,n,p,n,n,p,p,p,p,p,p,p,p,p,p,p,p,p,p,p,p,p,p,p,p,n
583,p,p,p,p,n,p,p,p,p,p,p,p,p,p,p,p,n,p,p,p,p,p,p,n,p,p,p,p,p,p
584,p,p,p,p,p,p,n,p,p,p,p,p,p,p,p,p,p,n,p,p,p,p,p,p,p,p,p,p,p,n
585,p,n,n,p,n,p,n,n,n,p,n,n,p,n,n,p,n,p,p,n,p,n,n,n,p,p,n,n,n,n
586,n,p,p,n,n,p,p,p,p,p,n,n,n,p,n,p,p,p,p,n,p,p,n,n,p,p,p,n,n,n
587,p,p,p,p,p,p,p,p,p,p,p,p,p,p,n,p,p,n,n,p,p,p,p,p,p,p,p,n,p,p
588,p,p,p,p,p,p,p,p,p,p,p,p,p,p,p,p,p,p,p,p,p,n,p,p,p,p,p,p,p,p
589,p,p,p,p,p,p,p,p,p,p,p,p,p,p,p,p,p,p,p,p,p,p,p,p,p,p,p,p,p,p
590,p,p,n,p,p,p,p,n,p,n,p,n,p,n,p,p,p,p,p,p,p,p,n,p,n,p,p,p,p,n
591,n,n,n,n,n,n,n,n,p,p,n,n,n,p,n,n,p,n,p,p,n,n,p,p,n,n,n,p,n,p
592,p,n,n,p,p,n,p,p,p,p,p,p,n,n,p,p,p,p,n,p,p,p,p,p,p,p,p,p,n,p
593,p,n,p,p,p,p,p,p,n,p,n,p,p,p,p,p,n,n,p,p,p,p,p,p,n,p,p,p,p,n
594,p,p,p,n,p,p,p,p,p,p,n,n,p,p,p,p,p,n,p,p,p,n,n,p,p,p,p,p,p,n
595,p,p,p,n,p,p,p,p,p,p,p,n,p,p,p,p,p,n,n,p,p,p,p,p,p,p,p,p,p,p
596,p,p,n,p,p,n,p,p,p,p,p,n,p,p,p,p,p,p,p,p,p,n,p,p,n,n,p,n,p,p
597,n,p,p,p,p,p,n,p,p,p,p,n,p,p,p,p,p,p,p,n,p,p,p,p,p,p,p,p,p,n
598,p,p,p,p,p,p,p,p,n,p,n,p,p,p,p,p,p,p,p,p,p,p,p,p,n,n,p,p,p,p
599,p,p,p,p,p,p,p,p,p,p,p,p,p,p,p,p,p,p,p,p,p,p,p,p,p,p,p,p,p,p
600,n,n,n,p,n,n,n,p,p,p,p,n,n,p,p,p,n,p,p,p,p,p,p,n,p,p,p,n,p,p
601,p,p,p,p,p,p,p,p,n,n,p,p,p,p,p,p,p,p,p,n,p,p,p,p,p,p,p,p,p,n
602,p,p,p,p,p,p,p,n,n,p,p,p,p,p,p,p,p,p,n,p,p,n,p,p,n,p,p,p,p,n
603,n,p,p,p,p,p,n,n,p,n,n,p,p,p,p,n,n,p,n,n,p,p,p,p,p,n,n,n,p,n
604,p,p,n,p,p,p,p,p,p,p,p,p,p,p,p,p,p,p,p,p,p,p,p,p,n,p,p,p,n,p
605,p,p,n,p,p,p,p,p,p,p,n,p,n,p,p,n,p,p,p,p,p,p,p,p,n,p,p,n,p,p
606,p,p,p,p,n,p,n,p,n,p,p,n,p,p,p,p,p,p,p,n,n,p,p,p,p,p,p,p,p,p
607,p,p,p,p,p,p,p,p,p,p,p,p,n,p,p,p,p,p,p,p,p,p,p,p,p,p,p,p,p,p
608,n,p,n,p,p,p,p,p,p,n,n,p,n,p,p,p,p,p,p,n,p,p,p,p,p,p,n,p,p,p
609,p,p,p,p,p,p,p,p,p,p,p,p,p,p,p,p,p,p,p,p,p,p,p,p,p,p,p,p,p,p
610,p,n,p,p,p,n,p,p,p,p,p,n,n,p,n,p,p,p,n,p,p,p,p,p,p,p,p,p,p,n
611,p,p,p,p,p,p,p,p,p,p,n,p,p,p,n,p,n,p,p,p,p,p,p,p,p,n,p,n,n,p
612,n,n,p,p,n,p,n,n,p,p,n,n,n,p,p,n,p,p,p,p,p,n,p,n,p,n,n,n,n,p
613,p,p,p,n,p,p,p,n,p,n,p,p,p,p,p,p,n,p,p,p,n,n,p,n,p,p,n,p,p,p
614,p,p,n,p,p,n,p,p,p,p,p,p,p,n,n,p,p,p,p,p,p,p,p,p,p,n,p,p,p,p
615,n,p,p,n,p,p,n,p,p,p,p,p,p,p,p,p,p,p,p,p,p,n,p,p,n,p,p,p,p,p
616,n,p,n,p,p,n,p,p,p,p,p,p,p,p,n,p,p,p,p,p,p,p,p,p,p,p,p,p,p,p
617,p,p,p,n,p,n,p,n,p,p,p,p,p,n,p,p,p,p,n,p,p,p,p,p,p,p,p,p,p,p
618,p,p,p,p,p,p,p,p,p,p,p,p,p,p,p,p,p,p,p,p,n,p,p,p,p,p,n,p,p,p
619,p,p,p,p,p,p,p,p,p,n,p,p,p,p,p,p,p,p,p,p,p,n,p,p,p,p,p,p,p,p
620,p,p,p,n,p,p,p,p,p,p,p,n,p,p,p,p,n,n,p,n,p,p,n,p,p,p,p,p,p,p
621,n,p,p,p,p,p,p,p,p,p,p,p,p,p,p,p,p,p,p,p,p,p,p,p,n,p,p,p,p,p
622,p,n,p,p,p,p,p,p,p,p,p,p,p,p,p,p,n,p,p,p,p,p,p,p,p,p,p,p,p,p
623,n,n,p,n,n,p,p,p,p,p,p,p,p,p,p,p,p,n,n,p,p,p,p,p,p,p,p,p,p,n
624,p,p,p,n,p,p,p,p,n,p,n,p,p,p,p,p,p,p,p,p,p,n,p,p,p,p,p,p,p,p
625,n,p,n,p,n,p,p,n,n,p,p,p,n,n,n,p,p,p,p,p,n,p,p,p,p,n,p,p,p,p
626,p,p,n,p,p,p,p,p,p,p,p,n,p,p,n,n,p,p,p,p,p,p,p,p,p,p,p,p,p,p
627,p,p,p,p,p,p,p,p,p,p,p,p,p,p,n,p,p,p,p,p,n,p,p,p,n,p,p,p,p,n
628,p,p,p,p,p,p,p,p,n,p,p,p,p,p,p,p,p,p,p,p,p,p,n,p,p,p,p,p,p,n
629,p,p,p,p,n,p,p,n,p,p,p,p,p,p,p,p,p,p,p,p,p,p,p,p,p,p,p,n,p,p
630,n,p,p,p,n,p,p,p,p,n,p,p,p,p,p,p,p,n,p,p,p,p,n,p,p,p,p,p,p,p
631,n,p,p,n,p,p,p,p,p,p,n,p,p,p,p,p,p,p,n,p,p,n,n,p,n,p,p,p,p,p
632,p,p,p,p,p,p,p,n,p,p,p,p,p,p,p,p,p,p,p,p,n,p,p,n,p,p,p,p,p,p
633,p,p,p,p,p,p,p,p,p,p,p,p,p,p,p,p,p,p,p,p,p,n,p,p,p,p,p,p,p,p
634,p,p,p,p,p,p,n,n,p,p,p,p,p,p,n,n,p,p,p,p,p,p,p,p,p,p,p,p,p,p
635,p,p,p,p,p,n,p,p,p,p,p,p,p,p,n,p,p,p,p,p,p,p,p,p,p,p,p,n,p,p
636,p,p,p,p,p,p,p,p,p,p,p,p,n,p,p,p,p,p,p,p,p,p,n,p,n,p,p,p,p,n
637,p,p,p,p,p,p,p,p,p,p,p,p,p,p,p,p,p,p,p,p,p,n,p,p,p,p,n,p,p,p
638,p,p,n,p,n,p,p,p,n,p,p,p,p,n,p,n,n,p,p,n,n,p,p,n,p,p,p,p,p,n
639,p,n,n,p,p,p,n,p,n,p,p,p,p,n,n,p,p,n,n,n,p,p,p,p,p,n,p,p,p,p
640,p,p,p,p,p,n,n,p,p,p,p,p,p,p,p,n,p,p,p,p,p,n,n,p,p,p,p,p,p,p
641,n,p,p,n,p,p,p,p,p,n,p,n,p,p,p,p,p,p,p,p,p,p,p,p,p,p,n,p,p,n
642,p,p,n,p,p,p,p,p,p,p,p,p,p,p,p,p,p,p,p,n,n,p,p,n,p,p,n,p,p,p
643,p,p,p,p,p,n,p,n,p,p,p,p,p,p,p,p,p,p,p,p,p,p,p,p,p,p,p,p,p,p
644,p,p,p,p,p,p,p,p,p,p,p,n,p,p,n,p,p,n,p,p,p,p,p,p,p,p,p,p,p,p
645,p,p,p,p,p,p,p,p,p,n,n,p,p,p,p,p,p,p,p,p,p,p,p,p,n,p,n,p,n,p
646,p,p,p,p,p,p,p,p,p,p,p,p,p,p,p,p,p,p,p,p,p,p,n,p,n,p,p,p,p,n
647,p,p,p,p,p,n,p,p,p,p,p,p,p,n,p,n,n,n,p,p,p,p,p,p,p,n,n,p,n,p
648,p,p,p,p,p,p,p,p,n,p,p,p,p,p,p,p,p,n,p,p,p,p,p,p,p,p,p,p,p,p
649,n,p,p,p,p,p,p,p,p,n,n,n,p,n,p,p,p,n,p,n,p,n,n,p,n,n,p,p,p,n
650,p,n,p,p,p,p,p,n,p,p,p,p,n,p,p,p,p,p,p,p,p,p,p,p,p,p,p,n,p,n
651,n,p,p,p,p,p,n,p,n,p,n,n,p,p,n,n,n,n,n,n,n,n,p,p,n,p,p,n,n,p
652,p,p,p,p,n,p,p,p,n,p,n,p,p,n,n,p,n,p,p,n,n,p,p,p,p,n,p,n,p,p
653,p,n,p,p,p,p,p,p,p,p,p,p,p,p,p,p,p,p,p,p,n,p,p,n,n,n,p,p,p,p
654,p,p,n,p,p,p,p,p,p,n,p,p,p,n,n,p,p,p,p,n,p,n,p,n,n,p,p,p,p,n
655,p,p,p,p,p,p,p,p,n,p,p,p,p,p,n,n,p,p,p,p,p,p,p,n,p,p,p,n,p,p
656,n,p,n,p,n,p,p,n,n,p,n,p,p,p,p,n,p,p,p,n,p,n,p,p,p,p,n,p,n,p
657,p,p,p,p,p,p,n,p,p,p,p,n,p,p,n,p,p,n,p,p,p,p,p,p,p,n,p,n,p,p
658,p,p,p,p,n,p,n,n,p,p,n,p,n,n,n,n,p,n,p,p,p,n,n,p,n,p,n,p,p,n
659,p,p,p,p,p,p,p,p,p,p,p,n,p,p,n,p,p,p,p,n,p,p,n,p,p,n,n,p,n,n
660,p,p,p,p,p,p,p,p,p,p,p,p,p,p,p,p,p,p,p,p,p,p,p,p,p,p,p,p,p,p
661,p,p,p,p,p,p,p,p,p,p,n,n,p,p,p,p,p,p,p,p,p,p,p,n,p,p,p,p,p,p
662,n,p,p,p,n,n,p,n,p,n,n,n,p,p,p,n,n,p,p,n,p,p,p,p,n,n,p,p,n,
663,p,p,p,p,p,p,p,p,p,p,p,p,p,p,p,p,p,p,p,p,p,p,p,p,p,p,p,p,p,p
664,p,p,p,n,p,p,p,p,n,p,p,n,p,p,n,p,p,p,p,p,p,p,n,p,p,p,p,n,p,p
665,p,p,p,p,p,p,p,p,p,n,p,p,p,p,p,p,p,p,p,p,p,p,p,p,p,p,p,p,p,p
666,n,p,p,p,p,p,n,p,p,n,p,n,p,p,p,n,p,p,p,n,p,n,p,n,p,p,p,p,n,p
667,n,p,p,p,n,p,p,p,n,n,p,p,p,p,p,p,p,p,p,p,p,p,p,n,p,p,p,p,p,p
668,p,p,p,p,p,p,p,p,p,p,p,p,p,p,p,p,p,p,p,p,p,p,p,p,p,p,p,p,p,p
669,p,p,p,p,p,n,p,p,n,p,p,p,n,p,p,p,p,p,n,p,p,n,p,p,p,p,p,p,p,p
670,p,p,p,n,n,p,p,n,p,p,p,p,p,p,p,p,p,n,p,p,p,n,p,p,p,p,p,n,p,p
671,p,p,p,p,p,n,p,p,p,p,p,p,p,p,p,p,p,p,n,p,p,p,n,p,p,p,p,p,p,p
672,p,p,p,p,p,p,p,p,p,p,n,p,p,p,p,p,p,p,p,p,p,p,p,p,p,p,p,p,p,p
673,p,p,p,n,p,p,n,p,p,p,p,n,p,p,p,p,p,n,p,p,p,p,p,p,p,p,p,p,n,p
674,n,p,p,p,p,p,p,p,n,p,p,p,p,p,p,p,n,p,p,p,p,p,p,p,p,p,p,p,p,n
675,p,p,p,p,p,p,p,p,p,p,n,p,p,p,p,p,n,p,p,n,p,p,p,p,p,p,p,p,p,p
676,p,n,p,p,p,p,p,p,p,p,p,p,p,p,p,p,p,p,p,p,p,p,p,p,p,p,p,p,p,p
677,p,p,p,n,p,p,p,p,p,p,n,p,p,p,p,p,n,n,p,n,n,n,p,n,p,p,p,n,p,n
678,p,p,p,n,p,p,p,n,p,p,p,p,p,n,p,p,p,n,p,p,p,n,p,p,p,p,p,p,p,n
679,p,p,p,p,n,n,p,p,p,p,p,p,p,p,p,p,p,p,p,p,p,p,p,p,p,p,p,p,p,n
680,p,p,p,p,p,p,p,p,p,p,p,p,p,p,p,p,p,n,p,p,n,p,p,p,p,p,p,p,n,p
681,p,p,p,p,p,p,p,p,p,p,p,n,p,n,p,n,p,p,p,p,p,p,p,p,p,p,p,p,p,n
682,p,n,p,p,p,p,n,p,p,p,p,n,p,n,n,p,p,p,p,p,p,p,p,p,n,p,n,p,n,n
683,n,p,n,p,p,p,n,p,p,n,p,p,p,p,p,p,n,n,p,p,p,p,p,p,p,p,p,p,p,p
684,p,n,p,p,p,n,n,p,p,p,p,p,p,n,p,p,p,p,p,p,p,p,n,p,p,n,p,p,p,p
685,n,n,n,p,n,n,p,p,n,n,n,p,p,p,n,n,p,p,p,p,n,p,p,n,p,n,p,p,n,p
686,n,n,p,p,p,p,p,p,p,n,p,n,n,p,n,n,n,n,n,n,p,p,p,n,p,p,p,p,p,p
687,p,p,p,p,p,p,p,p,p,p,p,p,p,p,p,p,p,p,p,n,p,p,p,p,p,p,p,p,p,p
688,p,n,p,p,p,p,p,n,p,n,p,p,p,p,n,p,n,n,p,p,p,p,n,p,p,n,p,p,p,p
689,n,n,p,p,p,p,p,p,n,p,p,p,p,p,p,p,n,p,p,p,p,p,p,p,p,n,p,n,p,p
690,p,p,p,p,p,n,p,p,n,p,p,p,n,p,n,p,p,p,p,p,n,p,p,p,p,p,p,p,p,n
691,p,p,n,p,p,p,p,p,n,n,p,p,p,p,p,p,p,p,p,n,p,p,p,p,p,n,p,p,p,n
692,n,p,n,p,n,p,p,p,p,n,p,n,p,n,p,p,n,p,p,p,p,p,p,p,p,p,n,p,p,n
693,n,p,p,n,n,n,n,p,n,p,p,n,n,n,p,n,n,n,p,p,p,p,p,p,p,p,n,p,p,p
694,p,p,p,p,p,p,p,p,p,p,p,p,p,p,p,p,p,p,p,p,p,p,p,p,p,p,p,p,p,p
695,p,n,p,p,p,p,p,p,n,p,p,n,p,n,p,p,p,p,p,n,p,p,p,n,p,p,p,p,p,p
696,p,p,p,p,p,p,p,p,p,p,n,p,p,p,p,p,p,p,p,p,p,p,p,p,p,p,p,p,n,p
697,p,p,p,p,p,p,n,p,p,p,p,p,p,n,p,n,n,p,p,p,n,n,p,p,p,n,p,p,p,p
698,p,n,p,p,p,p,p,p,n,n,p,p,p,p,p,p,p,p,p,p,p,p,n,p,p,p,p,p,p,p
699,p,p,p,p,n,p,p,p,p,p,p,p,n,p,p,p,p,n,p,p,p,p,p,p,p,p,p,p,p,p
700,p,p,n,p,p,n,n,p,p,p,p,n,p,p,p,p,p,p,p,p,p,p,p,p,p,p,p,p,p,p
701,p,p,p,p,p,p,p,p,p,p,p,p,p,p,p,p,n,p,p,p,p,p,p,p,p,p,p,p,p,p
702,n,p,p,p,p,p,p,p,n,p,p,p,n,p,p,n,p,n,p,n,p,n,p,p,p,p,n,p,p,p
703,n,p,n,n,p,p,p,n,p,n,n,p,n,n,n,p,n,n,p,n,n,p,p,n,p,p,p,n,p,p
704,p,p,p,p,p,n,p,p,p,p,n,p,p,p,p,p,n,p,p,p,p,p,p,p,p,p,p,p,p,p
705,p,p,p,p,p,p,p,p,p,p,p,p,p,p,p,n,n,p,p,p,p,p,n,p,p,p,p,p,p,p
706,p,n,p,p,p,n,p,p,p,p,n,p,p,p,p,p,p,p,p,n,p,p,p,p,n,p,p,p,p,p
707,n,p,p,n,p,p,p,n,p,p,p,p,n,p,p,n,p,p,n,p,p,p,p,n,p,p,p,p,p,n
708,p,p,p,p,p,p,p,p,p,p,p,p,p,p,p,p,p,p,p,p,p,p,p,p,n,p,p,p,p,p
709,p,p,p,p,n,p,p,n,p,n,p,n,n,p,p,p,n,p,p,n,p,p,p,n,p,p,n,p,p,p
710,p,n,p,p,p,p,p,p,p,p,p,p,p,p,p,p,p,p,p,p,p,p,p,p,p,p,p,p,p,p
711,p,p,p,p,p,n,p,p,p,p,p,p,p,p,p,p,p,p,p,p,p,p,p,p,p,p,p,n,p,p
712,p,p,p,n,p,p,p,n,p,p,p,p,p,p,p,p,p,p,p,p,p,p,p,p,p,p,p,p,p,p
713,p,p,p,n,p,p,p,p,n,p,p,p,p,n,p,p,n,n,p,p,p,p,p,p,n,n,n,p,p,p
714,n,n,p,p,p,p,p,p,p,p,p,p,p,n,p,p,n,p,n,n,p,p,p,p,p,n,p,p,n,p
715,p,p,n,n,n,p,n,p,p,n,n,p,p,p,p,p,p,p,p,p,p,p,n,n,p,p,p,n,n,p
716,p,p,n,p,p,p,p,p,p,p,p,p,p,p,p,p,p,p,p,p,p,p,p,p,p,p,p,p,p,p
717,p,n,p,p,p,p,p,p,p,p,p,p,p,p,p,p,p,p,p,p,p,p,n,p,p,p,p,p,p,p
718,p,p,p,p,p,p,p,n,p,p,p,p,p,p,p,p,p,n,p,p,p,p,p,n,p,n,p,p,p,p
719,p,p,p,p,p,p,p,p,p,p,p,p,p,p,p,n,p,p,p,p,p,p,p,p,p,p,n,p,p,p
720,p,p,p,n,p,p,p,p,p,n,n,p,p,p,p,n,p,p,p,p,p,n,p,p,n,p,p,p,p,p
721,n,n,n,n,p,n,p,n,n,n,n,n,p,n,p,n,n,n,p,n,n,p,n,n,n,n,n,n,n,p
722,n,n,p,p,p,p,p,n,p,p,p,p,p,n,p,n,p,p,n,n,p,n,p,n,p,p,n,p,p,p
723,p,p,p,p,n,p,p,p,p,p,p,n,p,p,p,p,p,p,p,p,p,p,p,n,p,p,p,p,p,p
724,n,n,p,n,n,p,p,p,p,n,n,n,p,p,p,p,p,n,p,p,p,n,p,p,p,n,n,p,p,p
725,p,p,p,p,n,p,p,p,p,n,p,p,p,p,p,p,p,p,p,p,p,p,n,p,p,p,p,p,n,p
726,p,p,n,p,p,p,n,n,p,p,n,n,p,n,p,p,n,p,p,n,n,p,p,n,p,n,n,n,p,p
727,p,n,n,p,p,p,n,p,n,p,p,p,p,p,n,p,p,p,p,p,n,n,p,p,p,p,p,p,p,p
728,p,p,p,p,p,p,p,p,p,p,p,p,p,p,p,p,p,p,p,n,n,p,p,p,p,p,p,p,p,p
729,p,p,p,n,p,p,p,n,p,n,p,n,n,n,p,p,p,n,n,p,n,p,p,p,n,n,p,p,n,p
730,p,p,n,n,p,n,p,p,p,p,p,n,p,p,p,p,p,n,p,p,p,p,n,p,p,p,p,p,p,p
731,p,p,p,p,p,p,p,n,p,p,p,n,p,p,p,p,p,p,p,p,p,p,p,p,p,n,p,p,p,n
732,p,p,p,p,p,p,p,p,p,p,p,n,p,p,p,p,p,p,p,p,p,p,n,p,n,p,p,p,p,p
733,p,p,p,p,p,n,p,p,p,p,p,p,n,p,p,p,p,p,p,p,p,p,p,p,p,p,p,p,p,p
734,p,p,p,n,p,p,p,p,p,p,p,p,p,n,p,p,p,p,p,p,p,p,p,n,p,n,p,p,n,p
735,p,n,p,p,p,n,p,p,p,p,p,p,p,p,p,p,p,p,p,n,n,n,p,p,p,p,n,p,p,p
736,p,n,p,n,p,p,n,n,p,n,n,n,n,n,p,p,n,n,p,p,p,n,n,n,n,p,p,p,p,n
737,p,n,n,p,p,n,p,p,p,p,n,p,p,p,p,n,n,p,p,p,p,n,n,n,p,p,n,p,n,n
738,p,p,p,p,p,p,p,n,p,p,p,p,p,p,p,p,p,p,p,p,p,n,p,p,p,p,p,p,p,n
739,n,p,n,p,n,p,p,p,n,p,p,p,p,p,p,n,p,p,p,p,p,p,p,p,p,p,p,p,n,p
740,p,p,p,p,p,p,p,n,n,p,p,p,p,p,p,p,p,n,p,n,p,p,n,p,p,p,p,p,p,p
741,p,p,p,p,p,p,p,n,p,p,p,p,p,p,n,p,p,p,p,p,p,p,p,p,p,p,p,p,p,p
742,p,p,p,p,p,p,p,p,n,p,p,p,p,n,n,p,p,p,p,p,p,p,p,p,p,n,p,p,p,p
743,p,p,p,p,p,p,p,n,p,p,p,p,n,p,p,n,p,n,p,p,p,p,p,p,p,p,p,p,p,p
744,p,p,p,p,p,n,p,p,p,p,p,p,p,p,n,p,p,p,p,p,p,p,p,p,p,p,p,p,p,p
745,p,p,p,p,p,p,n,p,p,n,p,p,p,p,p,n,p,n,p,p,p,n,p,p,p,p,n,n,p,p
746,p,p,p,p,n,p,n,n,p,n,p,p,p,p,p,n,n,p,n,p,p,n,p,p,n,n,n,p,n,n
747,p,p,p,p,p,n,p,p,p,p,p,p,p,p,p,p,p,p,p,p,p,n,n,p,p,p,p,p,p,p
748,n,n,p,n,p,p,n,p,n,n,p,n,n,n,n,n,n,p,p,p,n,p,n,p,p,p,n,n,n,p
749,p,p,n,p,n,n,p,p,p,p,p,p,p,n,n,p,p,n,n,p,n,p,n,p,p,n,p,p,p,p
750,p,p,p,n,n,p,n,n,n,n,n,p,p,p,p,p,p,n,p,p,p,p,p,p,p,p,n,p,p,n
751,p,p,p,p,p,p,p,p,p,p,n,p,p,p,p,n,p,p,p,p,p,p,p,p,p,p,n,p,p,p
752,n,p,p,p,p,p,p,p,p,p,p,p,p,n,p,p,p,p,p,p,p,p,p,p,n,p,p,p,p,p
753,p,p,p,p,p,p,p,p,p,p,p,p,p,p,p,p,p,n,p,p,p,p,p,p,p,p,p,p,p,p
754,p,p,p,p,p,p,p,p,p,p,p,n,n,p,p,p,p,p,p,p,p,p,p,p,p,p,p,p,n,p
755,p,p,p,p,p,n,p,p,p,p,p,p,p,p,p,p,p,p,p,p,p,p,p,p,p,p,p,p,p,p
756,p,p,p,p,p,p,p,p,p,p,p,p,p,p,p,p,p,p,p,p,p,p,p,p,p,p,p,p,p,n
757,p,p,p,p,p,p,p,p,p,p,p,p,p,p,p,p,n,p,n,p,p,p,p,p,p,p,p,p,p,p
758,p,p,p,n,p,p,p,p,p,p,p,p,p,p,p,p,p,p,p,p,p,p,p,p,p,p,p,p,n,p
759,p,p,p,n,n,p,p,p,p,p,n,p,n,p,p,n,p,p,p,p,p,n,p,p,p,p,p,p,p,p
760,p,p,p,p,p,p,p,p,p,n,p,p,p,n,p,p,p,p,p,p,p,p,p,p,p,p,p,p,p,n
761,p,p,p,p,p,n,n,p,p,p,p,n,p,n,n,p,p,p,p,p,p,p,p,n,p,p,p,n,n,n
762,p,n,n,p,p,p,p,p,p,p,p,p,p,p,p,p,p,p,p,p,p,n,p,p,p,p,n,n,p,p
763,p,p,n,p,p,p,p,n,p,p,p,p,n,p,n,n,p,p,p,n,p,p,n,p,p,p,p,p,p,p
764,p,p,n,p,p,p,p,p,p,p,p,p,p,n,p,p,p,p,p,p,p,n,n,n,p,p,p,p,p,n
765,p,p,p,p,n,p,p,n,p,p,p,p,n,n,p,p,n,p,p,p,p,p,p,n,p,p,n,n,p,p
766,p,p,p,p,p,p,p,p,p,p,p,p,p,p,p,p,p,p,p,p,p,p,n,p,p,p,p,p,p,p
767,p,p,p,p,p,n,p,n,p,p,n,p,p,n,p,p,p,p,p,n,p,p,p,p,p,p,p,p,p,p
768,p,p,p,p,p,p,p,p,p,p,p,p,p,p,p,p,p,p,p,n,p,p,p,p,n,p,p,p,n,p
769,p,n,p,p,p,n,p,p,p,p,p,p,n,p,n,p,p,p,p,p,p,p,p,p,p,p,p,p,p,p
770,p,p,p,n,n,n,n,p,p,p,n,n,p,p,p,n,p,p,p,p,p,n,p,n,n,n,p,p,n,n
771,n,n,p,n,p,p,p,n,n,n,p,n,p,p,n,n,p,p,p,n,p,n,n,p,n,n,n,n,n,n
772,p,n,p,n,n,p,p,p,n,n,p,p,n,p,p,p,p,n,p,p,n,p,n,p,p,n,n,p,n,p
773,p,n,p,p,p,p,n,n,p,p,p,p,n,p,n,n,p,n,p,n,n,p,n,p,n,p,p,p,n,n
774,p,p,p,p,p,n,p,p,p,p,n,p,p,p,p,p,p,p,n,n,p,n,p,p,p,n,p,n,p,p
775,p,p,p,p,p,p,p,n,p,p,n,p,p,p,n,p,n,p,p,p,p,p,p,p,p,p,n,p,p,n
776,n,n,p,p,n,p,p,n,n,p,p,n,p,n,p,n,p,n,p,n,n,p,p,n,p,n,p,n,p,p
777,p,n,p,p,p,p,n,p,p,p,p,p,p,p,p,p,p,n,p,n,n,p,p,p,p,p,n,p,p,n
778,n,p,p,p,p,p,p,n,p,p,n,p,p,n,p,p,n,p,p,p,p,p,p,p,p,p,p,n,p,p
779,p,n,p,n,p,n,p,p,p,p,p,p,p,n,n,p,n,p,n,p,n,n,p,n,p,p,p,n,n,p
780,p,p,p,p,p,p,n,p,p,n,p,p,p,p,n,p,p,p,p,p,p,p,p,p,p,p,p,n,p,p
781,n,p,n,p,n,p,p,n,p,p,p,p,p,p,p,p,p,p,p,p,p,p,p,p,p,p,p,p,p,p
782,p,p,p,p,p,p,p,p,p,p,p,p,p,p,p,p,n,p,p,p,p,p,p,p,n,n,p,p,n,n
783,n,p,p,p,p,p,p,p,p,p,p,p,p,p,p,p,p,p,p,p,p,p,p,p,p,p,p,p,p,p
784,p,p,p,p,n,p,n,p,p,p,p,n,n,n,p,p,p,p,p,p,p,p,p,p,p,p,p,p,p,n
785,p,p,p,p,n,p,n,n,p,p,p,p,p,n,p,p,n,p,p,p,n,n,n,p,p,p,p,p,p,n
786,p,p,p,p,p,p,n,p,p,p,p,p,p,p,p,p,p,p,p,p,p,p,p,p,p,p,p,p,p,p
787,p,p,p,p,p,p,p,p,p,p,n,p,n,p,p,p,p,p,p,p,n,n,p,p,n,p,n,p,n,n
788,p,p,p,p,p,p,p,p,p,p,n,p,p,p,n,p,p,n,p,p,n,p,p,n,n,n,n,p,p,p
789,p,p,n,p,p,p,p,n,p,p,p,n,p,p,p,p,p,p,n,p,p,p,p,p,p,p,p,p,p,p
790,n,n,p,n,n,p,p,n,p,n,p,p,p,p,n,p,n,p,p,n,n,p,p,n,p,p,n,p,p,n
791,p,p,p,p,p,n,p,p,p,p,p,p,n,p,p,n,n,p,p,n,p,n,p,p,p,p,p,n,p,n
792,p,n,p,p,p,p,p,p,p,p,p,p,p,p,p,p,p,p,p,p,p,p,p,p,p,p,p,p,p,p
793,p,p,p,p,p,p,p,n,n,p,p,p,p,p,p,p,p,p,p,p,p,p,p,p,p,n,p,n,p,p
794,p,p,p,p,p,p,p,p,p,p,p,p,n,p,p,p,p,p,p,p,p,p,p,p,p,p,p,p,p,n
795,p,n,p,p,p,n,n,n,p,p,p,p,p,p,p,p,p,p,p,p,p,p,p,p,p,p,p,p,p,p
796,n,n,n,p,p,n,n,n,p,p,n,p,n,n,n,p,n,n,n,p,n,p,n,p,p,p,p,p,n,p
797,n,p,n,p,p,p,n,n,p,n,p,p,p,n,p,p,p,n,p,p,p,p,p,p,n,p,p,p,p,n
798,p,p,p,n,p,p,p,p,p,p,n,p,p,n,n,n,p,n,p,p,n,p,p,p,p,p,p,p,n,p
799,p,n,p,p,p,p,p,p,p,p,p,p,p,p,p,p,p,p,p,p,n,p,p,p,p,p,p,p,n,p
800,p,p,p,p,p,p,n,p,p,p,p,p,p,p,p,p,p,p,n,p,n,p,p,p,p,p,p,p,p,p
801,p,p,p,p,n,p,p,n,p,p,p,p,p,p,p,p,n,p,p,p,p,p,p,p,p,p,p,p,p,p
802,p,n,p,p,p,n,p,p,p,p,p,p,p,n,p,p,p,p,p,n,p,p,n,p,p,p,p,p,p,p
803,n,n,p,p,p,n,p,p,p,p,n,p,n,n,p,p,p,p,p,p,n,n,n,n,n,n,n,n,p,p
804,p,p,p,n,p,n,p,p,p,p,p,p,p,n,p,p,p,p,p,p,p,n,p,p,p,p,n,p,p,n
805,p,p,p,p,p,p,p,p,p,p,p,p,p,p,p,n,n,p,p,p,p,p,p,p,p,p,p,p,p,p
806,p,p,p,p,p,p,p,p,p,p,p,n,p,p,p,p,p,n,p,p,p,p,p,p,p,p,p,p,p,p
807,p,p,p,p,n,n,n,p,p,p,p,n,p,n,p,n,p,p,n,p,p,p,p,p,p,p,n,p,p,p
808,p,p,p,p,p,p,p,p,n,n,p,n,p,p,n,p,p,p,p,p,p,p,p,n,p,p,p,p,p,p
809,p,p,p,p,p,p,p,p,p,p,p,p,p,p,p,p,p,p,n,p,p,n,p,p,p,p,n,p,p,p
810,p,p,p,p,p,p,p,p,n,p,p,p,n,p,p,p,p,p,p,p,n,p,n,n,p,n,p,p,p,p
811,p,n,p,p,p,p,p,p,p,p,n,p,p,n,p,p,p,p,p,n,n,p,p,p,p,p,p,p,p,p
812,p,n,p,n,p,p,p,n,p,p,n,p,p,p,n,p,n,n,p,p,p,n,p,n,n,n,n,n,p,p
813,p,p,p,p,p,p,p,n,p,p,p,p,p,p,p,p,p,p,p,n,p,p,p,p,p,p,p,p,p,n
814,p,p,p,p,p,p,p,p,p,p,p,p,p,p,p,p,p,p,p,p,p,p,p,p,p,p,p,p,p,p
815,p,p,p,p,p,p,p,n,p,p,p,p,p,p,p,p,p,p,p,n,p,p,p,p,p,p,p,n,p,p
816,p,p,n,p,p,n,n,p,p,p,p,p,p,p,p,n,p,p,p,p,p,p,n,p,p,p,p,p,p,p
817,p,n,p,n,p,n,p,p,p,p,n,n,n,p,p,n,p,p,p,p,p,p,p,p,p,p,n,p,p,p
818,p,p,p,p,p,p,p,n,p,p,p,p,p,n,p,p,p,p,p,p,n,p,p,p,p,p,p,p,p,p
819,p,n,p,p,p,p,p,p,p,n,p,p,n,p,p,p,p,p,p,p,p,p,p,p,p,p,p,p,p,p
820,p,p,p,p,p,n,p,n,p,p,p,p,p,p,p,p,n,p,p,p,p,p,p,n,n,p,p,p,n,n
821,p,n,p,n,n,p,p,n,p,p,p,p,p,p,p,p,p,p,n,p,p,p,p,p,n,p,n,p,n,p
822,p,n,p,p,p,n,p,n,p,p,p,p,n,p,p,n,p,n,p,p,n,p,p,p,n,n,n,n,p,n
823,p,p,p,p,p,n,n,p,n,p,p,n,p,n,p,p,p,p,n,p,p,p,p,p,p,p,p,p,p,n
824,p,p,p,p,p,p,p,p,p,p,p,p,p,p,p,p,p,p,p,p,p,p,p,p,p,p,p,n,p,p
825,p,n,p,p,n,p,p,n,n,n,p,n,p,n,n,p,n,p,n,n,n,p,n,n,p,n,p,p,p,n
826,p,n,p,p,p,n,p,p,n,n,p,p,n,p,p,p,p,n,p,p,p,p,p,p,n,p,p,n,p,n
827,p,p,p,p,p,p,p,p,p,p,p,p,p,p,p,p,p,p,p,p,n,p,p,p,p,p,p,p,p,p
828,p,p,p,p,p,p,n,n,p,p,p,p,n,p,p,p,n,p,p,p,p,p,p,p,n,p,p,p,p,p
829,p,p,p,p,p,p,p,p,n,p,p,p,n,p,p,p,p,p,n,p,p,n,p,p,n,p,p,p,n,p
830,p,p,p,p,p,p,p,p,p,n,p,p,p,p,p,p,p,p,p,p,p,p,p,n,n,p,p,n,p,p
831,p,p,n,p,p,p,p,p,p,n,n,p,p,p,n,n,p,p,p,p,p,p,p,p,p,p,p,p,p,p
832,p,p,n,n,p,p,n,p,p,n,p,p,p,p,n,p,p,n,p,n,n,p,p,n,p,p,p,n,p,p
833,p,p,p,p,p,p,p,p,p,p,p,p,p,p,p,p,p,p,p,p,n,p,p,n,p,p,p,p,p,p
834,n,p,p,p,p,p,n,p,p,p,p,p,p,p,p,n,p,n,p,n,p,p,n,p,p,p,n,p,p,p
835,p,p,p,p,n,p,n,n,p,n,n,p,n,p,p,p,p,n,n,n,p,p,n,n,n,n,n,p,p,p
836,n,p,p,n,n,p,p,p,p,n,n,p,p,p,p,p,p,p,p,p,p,p,p,p,p,p,n,n,n,
837,p,p,p,n,n,p,p,p,p,n,n,n,n,p,n,n,n,p,n,n,n,p,p,n,p,p,p,n,p,n
838,n,p,p,p,p,n,n,p,p,p,n,p,p,p,p,n,p,p,p,p,p,p,p,p,p,n,p,p,p,
839,n,n,n,p,p,n,p,p,p,p,p,p,p,p,p,n,p,p,p,n,p,p,p,p,p,p,p,n,n,p
840,p,p,p,p,p,n,p,p,p,p,p,n,p,p,n,p,p,p,p,p,p,p,p,n,n,p,p,p,p,p
841,p,p,n,p,p,p,p,p,p,p,p,p,p,p,p,p,p,p,p,n,n,n,p,p,p,p,n,p,p,p
842,n,n,p,n,p,p,p,p,p,p,p,p,p,p,n,p,n,n,n,n,p,n,p,p,p,p,p,p,p,p
843,p,p,p,p,p,p,p,p,p,p,p,p,p,p,p,p,p,p,p,p,p,p,p,n,n,p,p,p,n,p
844,p,p,p,p,n,p,p,p,p,p,p,p,p,n,p,p,p,n,p,p,p,p,p,p,p,p,p,p,p,p
845,p,p,p,p,p,p,p,p,p,p,p,p,p,p,p,p,p,p,p,p,p,p,p,p,p,n,p,p,p,n
846,p,p,p,p,n,p,p,p,p,n,p,p,p,p,p,n,p,p,p,p,p,p,p,n,n,p,p,p,p,p
847,p,p,p,n,p,p,p,p,p,p,p,p,p,p,p,p,p,p,p,p,p,p,n,p,p,p,p,p,p,p
848,p,p,p,p,p,p,p,n,p,p,p,p,p,p,p,p,n,p,p,p,p,p,p,p,p,p,p,p,p,p
849,p,p,p,p,n,p,p,p,p,p,p,p,n,p,p,p,p,p,p,p,p,p,p,p,p,p,p,p,p,p
850,n,p,n,p,p,p,p,p,p,p,p,p,p,p,p,p,p,p,p,p,p,p,n,n,p,p,p,p,n,p
851,p,p,p,p,p,p,p,p,p,p,p,p,p,p,n,p,p,p,p,p,p,n,p,p,p,p,p,p,p,p
852,p,p,p,n,p,p,p,p,p,p,p,p,n,p,p,p,p,p,p,n,p,p,p,p,p,p,p,n,p,p
853,n,n,n,n,p,p,p,p,n,p,p,n,n,p,p,n,p,p,n,p,n,p,p,p,n,p,p,n,p,p
854,p,p,p,p,p,n,p,p,p,p,p,p,p,p,p,p,p,p,p,p,p,p,p,p,p,p,n,p,p,p
855,n,p,p,p,p,p,p,p,p,p,p,p,p,p,p,p,p,p,p,p,p,p,p,p,p,p,p,p,p,p
856,n,n,p,p,p,n,n,p,n,p,n,p,p,n,p,n,p,p,p,p,p,p,p,p,p,p,n,n,n,p
857,n,n,p,p,p,n,n,p,p,p,p,p,n,n,p,p,p,p,p,p,p,n,n,n,p,n,p,p,p,n
858,p,p,n,p,p,p,p,p,p,p,p,n,p,p,p,p,p,p,p,n,p,p,n,p,n,p,p,p,p,p
859,p,n,p,n,n,n,p,p,n,n,n,p,p,n,p,p,n,p,n,p,p,p,n,n,n,n,n,p,p,n
860,p,p,n,p,p,p,p,n,p,p,p,p,n,p,p,n,p,p,n,p,n,p,p,p,p,p,p,p,p,p
861,p,p,p,p,p,p,p,p,p,p,p,p,p,p,p,p,p,n,p,p,p,p,n,n,p,n,n,p,p,p
862,p,p,n,p,n,p,n,n,n,p,p,n,n,p,p,p,p,p,p,n,n,p,n,p,p,p,p,n,p,p
863,p,n,n,n,p,p,p,p,p,p,p,n,p,p,p,p,n,n,n,p,p,n,p,p,p,p,n,n,p,p
864,p,p,n,p,p,p,n,p,p,p,p,p,p,p,p,p,p,p,n,p,p,p,p,p,p,p,p,p,n,p
865,p,p,p,p,p,p,p,p,n,p,p,p,n,p,p,p,p,p,p,p,p,p,p,p,n,p,p,p,p,p
866,p,p,p,p,p,n,p,p,p,p,p,p,n,p,p,n,p,p,p,p,p,p,p,p,p,n,p,n,p,
867,p,p,p,p,p,p,p,p,p,p,p,p,p,p,p,p,p,n,p,p,p,p,p,n,p,p,p,p,p,p
868,p,p,p,p,p,p,n,p,p,p,p,n,p,n,n,p,p,p,p,p,p,n,n,n,p,p,p,p,n,p
869,p,n,p,p,p,p,p,p,p,p,p,p,p,p,n,p,p,p,p,p,p,p,p,p,p,p,p,p,p,p
870,p,p,p,p,p,p,p,p,p,p,p,p,n,p,p,p,p,p,p,p,p,n,p,p,p,p,p,p,p,p
871,p,p,n,p,n,p,p,p,p,p,n,p,p,p,p,p,p,p,p,p,p,p,p,p,p,p,p,p,p,p
872,p,p,p,n,p,n,p,n,p,p,p,p,p,n,p,n,p,n,n,p,p,p,p,n,p,p,p,p,n,p
873,p,p,p,p,p,p,p,n,p,p,p,p,p,p,p,p,p,p,p,p,p,p,p,n,p,p,p,p,p,p
874,p,p,p,p,p,p,p,p,p,n,p,p,p,p,p,p,p,p,p,p,p,p,n,n,p,n,p,p,p,p
875,p,p,n,p,p,p,p,p,p,p,p,n,p,p,p,p,n,p,p,p,p,p,n,p,p,p,p,p,p,p
876,p,p,p,p,p,p,p,p,p,p,p,p,p,p,n,p,n,p,n,p,n,p,p,p,p,n,p,p,p,p
877,p,p,p,p,p,p,p,p,p,p,p,p,p,p,p,p,p,p,p,p,p,p,p,p,p,n,p,p,p,p
878,n,p,p,n,p,n,p,n,n,p,p,p,p,p,n,n,p,p,p,n,p,p,p,p,p,n,p,p,n,n
879,p,p,p,p,p,n,p,p,p,p,n,p,p,p,p,n,p,p,p,n,p,p,p,n,n,p,p,n,p,p
880,n,p,p,p,p,p,p,p,n,n,p,p,n,n,p,p,p,n,n,p,p,p,p,p,p,p,p,p,p,p
881,p,p,p,p,p,p,p,p,p,p,n,p,p,p,p,p,p,p,p,p,p,n,n,p,p,n,n,p,p,p
882,p,p,p,p,p,p,p,p,p,p,p,p,p,p,p,p,p,p,p,p,p,p,p,p,p,p,p,p,p,p
883,p,p,p,p,p,p,p,p,p,p,p,p,p,p,p,p,p,p,p,p,p,p,p,p,p,p,p,p,n,p
884,p,n,n,p,p,p,p,n,n,p,p,n,n,p,p,p,n,p,n,n,p,p,p,p,p,p,p,p,p,p
885,p,p,p,p,p,p,p,p,p,p,p,n,p,p,p,p,p,p,p,p,p,n,p,p,p,p,p,p,p,p
886,p,p,n,p,n,p,p,p,p,p,n,p,p,p,p,p,p,n,n,p,p,p,p,p,n,p,p,n,p,p
887,p,n,p,p,p,n,p,p,p,n,p,p,p,p,n,n,p,p,p,n,p,p,p,p,p,p,p,p,n,n
888,p,n,p,p,n,p,n,p,p,p,p,p,n,p,p,p,p,p,p,n,p,p,n,p,p,p,n,p,p,n
889,p,p,p,p,n,p,n,n,n,n,p,p,n,p,p,p,p,n,p,p,n,p,n,p,p,n,p,n,n,p
890,p,n,p,n,n,p,p,p,p,p,p,n,p,p,n,n,p,p,p,p,p,n,n,p,p,p,p,p,n,p
891,p,p,p,p,p,p,p,p,p,p,p,n,p,p,p,p,n,p,p,p,p,p,p,p,p,p,p,p,p,p
892,n,p,n,p,p,p,p,p,p,n,p,n,p,n,n,p,p,p,n,p,p,p,p,n,n,n,n,p,p,p
893,n,p,p,p,p,p,p,p,p,p,p,p,p,p,p,p,p,p,p,p,p,p,p,p,p,p,p,p,n,p
894,p,p,p,p,p,p,p,p,p,p,p,p,p,p,n,p,n,p,p,p,p,p,p,p,p,p,p,p,p,p
895,p,p,p,p,n,p,p,p,p,p,p,p,n,p,p,p,p,p,p,p,p,p,p,p,p,p,p,p,p,p
896,n,p,p,n,p,p,p,p,n,p,n,p,n,p,p,p,p,n,p,p,p,p,n,p,p,p,p,p,p,p
897,p,p,p,n,p,p,n,p,p,p,p,n,p,p,p,p,p,p,n,p,p,p,p,p,p,p,p,p,n,p
898,p,p,n,n,n,n,p,p,n,n,p,n,n,p,n,n,p,n,n,n,p,n,n,n,n,n,n,p,n,n
899,p,n,p,p,n,n,p,p,p,p,p,p,n,p,p,p,p,p,n,p,n,n,p,n,p,n,p,n,p,p
900,p,p,p,p,p,p,p,n,n,p,p,n,p,p,p,p,p,n,p,p,p,p,p,p,p,p,p,p,p,n
901,p,p,p,p,p,p,p,p,p,p,p,p,p,p,p,n,p,n,n,p,p,p,p,p,p,p,p,p,p,p
902,n,p,n,p,p,p,p,n,p,p,p,n,p,p,p,p,p,p,p,p,n,p,p,n,p,p,n,p,p,p
903,p,p,p,n,n,p,p,p,p,p,p,p,p,n,p,p,p,p,p,p,p,p,p,p,p,p,p,p,p,n
904,p,p,p,p,p,p,p,p,p,p,p,p,p,p,p,p,n,p,p,n,p,p,n,p,n,p,p,p,n,n
905,p,p,p,p,p,n,p,p,p,p,p,p,p,p,p,p,p,p,p,p,p,n,p,p,p,p,p,p,p,p
906,p,p,p,p,n,p,p,p,p,p,n,p,p,p,p,p,p,p,p,n,n,p,p,p,p,n,n,p,p,p
907,n,n,n,n,n,p,p,n,p,p,p,p,n,p,p,n,n,n,n,p,n,p,n,n,n,n,p,p,n,p
908,p,p,p,p,p,p,p,p,p,p,p,p,n,p,p,n,p,n,p,p,p,p,p,p,p,p,p,p,n,p
909,n,n,p,n,n,n,p,n,p,n,p,p,p,p,p,p,n,p,n,n,p,n,n,p,n,p,p,n,n,p
910,n,n,p,n,p,p,n,p,p,p,n,n,n,p,p,p,p,p,p,p,n,p,p,n,p,n,p,p,p,p
911,p,p,p,p,n,p,p,n,p,p,p,n,p,p,p,p,p,p,p,p,p,p,n,n,p,p,n,p,p,n
912,p,p,p,p,p,p,p,p,p,p,p,p,n,n,n,n,n,n,p,n,p,n,n,n,n,p,n,n,p,n
913,p,p,p,p,p,p,p,p,p,p,n,p,p,p,p,p,n,p,p,p,p,p,p,p,p,p,p,p,p,p
914,n,p,n,p,p,p,p,p,p,p,p,p,n,p,p,p,p,p,p,p,p,p,n,p,p,p,p,p,p,p
915,p,p,n,p,p,n,n,p,p,p,p,n,p,p,p,p,p,n,p,p,p,p,p,p,p,p,p,p,p,p
916,p,p,n,p,p,p,p,p,p,p,p,p,p,p,n,p,p,p,p,p,p,p,p,p,p,p,p,p,p,p
917,p,p,p,p,n,p,n,p,n,n,p,n,p,p,p,p,p,p,n,p,n,n,p,n,p,p,n,n,p,n
918,p,n,p,p,p,n,p,p,p,p,p,p,p,p,p,p,p,p,p,p,p,p,p,p,p,p,p,p,p,p
919,p,p,p,p,p,p,p,p,p,p,p,p,p,p,p,p,p,p,p,p,p,p,p,p,p,p,p,p,p,n
920,p,n,p,p,p,p,p,n,p,n,p,n,p,p,p,p,n,p,p,p,p,p,p,p,p,p,p,n,p,p
921,n,n,n,n,p,p,p,p,p,p,n,p,p,p,p,p,p,n,n,p,p,p,p,p,n,n,n,p,n,p
922,p,p,p,p,n,p,p,p,p,p,p,p,p,p,p,p,p,p,p,p,p,p,p,p,p,n,p,p,p,p
923,p,p,p,p,p,p,p,p,p,p,p,p,p,p,p,p,p,p,n,p,p,p,p,p,p,p,p,p,p,p
924,p,n,p,p,p,p,n,p,n,p,n,p,p,p,p,n,p,p,n,n,p,n,p,p,p,p,n,p,p,n
925,n,n,n,n,n,n,n,n,p,p,n,n,p,n,p,n,n,n,n,n,n,n,n,n,n,n,n,n,p,n
926,n,n,p,p,p,p,p,p,p,n,p,p,p,n,n,p,p,p,p,p,p,p,p,p,p,p,p,p,p,n
927,p,p,n,p,n,p,p,p,p,p,p,p,n,p,p,p,p,p,p,n,p,p,n,n,p,n,p,p,p,p
928,p,p,p,n,p,p,p,p,n,p,p,p,p,p,p,p,n,p,p,p,p,p,p,p,p,p,p,p,p,p
929,n,p,p,p,p,p,p,p,p,p,n,p,p,n,p,p,p,n,p,p,p,n,p,p,n,p,p,p,p,p
930,p,p,p,p,p,p,p,n,p,p,p,p,p,p,n,n,p,p,p,p,p,p,p,p,p,p,p,p,p,p
931,p,p,p,p,n,p,p,p,n,p,n,p,n,p,p,p,n,n,n,p,p,p,p,p,p,n,n,p,n,p
932,p,p,p,p,n,p,p,p,p,p,p,p,p,n,p,p,p,p,p,p,p,p,p,p,p,p,p,p,n,p
933,p,p,p,p,p,n,p,p,p,p,p,p,p,p,p,p,p,p,p,p,p,n,p,n,p,p,p,p,p,p
934,p,n,p,p,n,n,p,n,n,p,p,n,n,n,n,n,n,p,p,n,n,n,p,p,p,n,p,n,n,p
935,p,n,p,n,p,p,p,p,p,p,p,n,p,p,p,n,p,p,p,p,p,p,p,p,n,p,p,p,n,p
936,p,p,p,p,p,n,p,p,p,p,p,n,p,n,n,p,p,p,p,n,p,p,p,p,n,n,p,p,n,p
937,p,p,n,p,p,p,p,p,n,n,p,n,p,n,p,p,p,n,p,n,p,n,p,n,p,n,p,n,p,n
938,p,p,p,p,n,p,p,n,n,p,p,p,p,p,p,p,p,p,p,p,p,p,p,p,n,p,p,p,p,p
939,p,n,n,n,n,p,p,p,p,n,p,p,p,p,n,n,n,p,n,p,p,n,p,p,p,n,p,p,p,p
940,p,n,p,p,p,p,p,p,p,n,p,n,p,p,p,p,p,p,n,p,p,n,p,n,p,n,p,p,p,p
941,n,p,p,p,p,p,p,p,n,p,p,p,p,p,p,p,p,p,p,p,p,p,p,p,p,p,p,p,p,p
942,p,p,p,p,n,p,p,p,p,p,n,n,p,p,n,p,p,p,p,n,p,n,p,p,p,p,p,p,n,p
943,p,p,p,n,n,p,n,p,n,p,p,p,p,n,p,p,p,p,n,p,p,p,p,p,p,p,p,n,p,p
944,p,n,p,p,p,p,p,p,p,p,p,p,p,p,p,p,p,p,n,p,p,n,p,p,p,p,p,p,n,n
945,p,p,p,p,p,p,p,n,p,p,p,p,p,p,p,p,n,p,p,p,p,p,p,p,p,p,p,p,p,p
946,p,p,p,n,p,p,n,p,p,p,p,p,p,p,p,p,p,p,p,p,p,p,p,p,p,p,p,p,p,n
947,p,p,n,p,p,p,n,p,p,p,p,p,p,p,p,p,p,p,n,p,p,p,p,p,p,p,n,p,p,n
948,p,p,n,p,p,p,p,p,p,p,p,p,p,p,p,p,p,p,p,p,p,p,p,p,p,p,p,p,p,p
949,p,p,p,p,p,p,p,p,p,p,p,p,p,p,n,p,p,p,p,p,p,p,p,n,p,n,p,p,p,p
950,p,p,p,n,p,p,p,n,n,p,p,p,p,p,n,n,p,p,p,p,p,n,n,p,p,p,n,n,p,p
951,p,p,p,p,p,p,p,p,p,p,p,p,n,p,p,p,p,n,p,p,p,p,p,n,p,p,p,p,n,p
952,p,p,n,p,p,n,p,p,n,p,p,p,p,p,p,p,p,p,p,p,p,n,p,p,p,p,p,p,n,p
953,n,p,p,p,n,p,p,p,p,p,n,p,n,p,p,p,p,p,p,p,p,p,p,n,p,p,p,n,p,p
954,n,p,p,p,p,p,p,p,p,p,p,p,p,n,n,p,p,n,n,p,n,p,n,p,p,p,p,p,p,p
955,p,p,p,p,p,p,p,p,p,p,p,p,p,p,p,p,p,p,p,n,p,p,p,p,p,p,p,n,p,n
956,p,n,n,p,p,p,p,n,p,n,p,p,p,p,p,n,n,p,p,p,n,p,p,p,n,p,n,p,p,p
957,p,n,p,p,n,p,p,n,p,p,p,p,n,n,p,p,p,p,p,p,n,p,p,p,p,p,n,n,n,p
958,p,n,p,p,n,p,p,p,p,p,p,p,n,p,p,n,p,n,p,p,p,n,p,n,p,n,p,n,p,n
959,p,n,n,p,p,p,p,p,p,p,p,p,p,p,p,p,n,p,p,p,p,n,n,n,p,p,n,p,n,p
960,p,p,p,p,n,n,p,p,p,n,p,p,p,p,p,p,p,p,p,p,n,p,p,n,n,p,n,p,p,p
961,p,p,p,p,p,p,p,p,p,p,p,p,n,p,n,p,p,p,p,p,p,p,p,p,p,p,p,p,p,p
962,p,p,p,p,p,p,p,p,p,p,p,p,p,p,p,p,p,p,p,p,p,p,p,p,p,p,p,p,p,n
963,p,p,p,p,n,p,p,p,n,p,p,p,p,n,p,p,n,p,p,p,n,p,p,p,p,p,p,p,n,n
964,p,p,p,n,n,n,p,n,p,p,p,n,p,p,p,p,p,p,p,p,n,p,p,p,p,p,p,p,n,p
965,p,p,p,p,p,p,p,p,p,p,n,p,p,n,p,n,p,p,p,p,p,n,p,p,p,p,p,p,n,p
966,p,n,p,p,p,p,p,p,p,p,p,p,p,p,p,p,p,p,n,p,p,n,p,p,p,p,p,p,p,p
967,n,p,p,n,p,p,p,p,p,p,p,p,p,p,p,p,p,p,n,p,p,p,p,p,p,p,p,p,n,p
968,n,n,p,p,p,p,p,p,n,p,n,n,n,p,n,n,p,n,n,p,p,n,n,p,n,p,p,n,n,p
969,n,p,p,p,p,p,p,p,p,p,n,p,p,p,p,n,p,p,p,p,p,n,p,p,p,p,n,p,p,p
970,p,p,p,p,p,p,p,p,p,n,p,n,n,p,p,p,n,p,p,p,p,p,p,n,p,p,p,p,p,p
971,p,p,n,n,p,p,p,p,p,p,p,p,p,p,p,p,n,p,p,p,p,p,n,p,n,n,p,p,p,p
972,n,p,p,p,p,p,p,p,p,p,p,p,p,p,n,n,n,p,p,p,p,p,p,p,p,n,p,n,p,p
973,p,n,p,p,p,p,p,p,p,p,p,p,p,n,p,p,p,p,p,p,p,p,p,p,p,p,p,p,p,p
974,p,p,p,p,p,p,p,p,p,p,p,p,p,p,p,p,p,p,p,p,p,p,p,p,n,p,p,p,p,p
975,p,p,p,p,p,p,p,p,p,n,p,p,p,p,p,p,p,p,p,n,p,p,p,p,p,n,p,p,p,n
976,p,p,p,p,n,p,p,p,p,n,p,p,p,p,p,p,p,p,p,n,p,p,n,p,p,p,p,p,p,p
977,p,n,p,p,p,n,p,n,p,p,n,n,p,n,p,p,p,p,n,p,n,p,p,p,p,p,n,p,p,p
978,n,p,n,n,p,p,p,n,p,p,p,p,p,p,p,p,p,p,p,p,p,p,p,p,p,p,p,p,p,p
979,p,p,p,p,p,p,p,p,p,n,p,n,p,p,p,n,p,p,p,n,p,p,p,p,p,p,n,p,n,p
980,p,p,p,p,p,p,p,p,n,p,n,p,p,n,p,p,n,p,n,p,p,n,p,p,p,p,n,p,n,n
981,n,p,p,p,p,n,n,p,p,n,p,n,p,p,p,n,p,p,n,n,p,p,p,p,n,p,n,p,p,p
982,p,p,p,p,p,p,p,p,p,p,p,n,n,p,p,p,p,p,n,p,p,p,p,p,p,n,p,n,p,p
983,p,n,p,n,n,p,p,n,n,p,p,n,p,n,n,p,n,p,p,n,n,p,n,n,p,n,n,p,p,p
984,n,n,n,n,n,n,p,p,p,n,n,p,p,p,n,p,n,p,p,p,n,n,n,p,n,p,p,p,p,n
985,n,p,n,p,p,p,p,p,n,p,n,n,n,n,n,n,n,n,p,p,n,p,p,p,n,n,n,p,n,p
986,p,p,p,p,p,p,p,p,p,p,p,p,p,p,n,p,p,p,p,p,p,n,p,p,p,p,n,p,p,p
987,p,p,p,p,p,p,p,p,p,p,p,p,n,p,p,n,p,p,n,n,p,p,n,p,p,p,p,p,p,p
988,p,p,n,p,p,p,p,n,p,p,p,p,p,n,n,p,p,p,p,p,p,n,p,p,p,p,p,p,n,p
989,p,p,p,n,n,p,p,p,p,p,p,p,p,p,p,p,p,p,p,p,p,p,p,p,p,p,p,p,p,n
990,p,p,p,p,p,p,n,n,n,p,p,p,n,p,p,p,p,n,n,p,p,p,p,p,p,p,p,p,p,p
991,p,p,p,p,p,p,n,p,p,p,p,p,p,p,p,p,p,p,p,p,p,p,p,p,p,p,n,p,p,p
992,p,p,p,n,p,p,p,p,p,p,n,n,n,p,p,n,p,p,n,n,n,p,p,p,p,p,p,n,p,p
993,p,p,p,p,n,p,p,n,n,p,n,p,p,p,p,n,p,p,p,p,p,p,n,n,p,p,n,p,p,p
994,p,p,p,p,p,p,p,p,n,p,p,n,n,p,p,n,p,n,p,p,p,p,p,p,p,n,n,n,p,p
995,p,p,p,p,p,p,p,p,n,n,p,p,p,p,n,p,p,p,p,p,p,p,p,p,p,p,p,p,p,p
996,n,p,p,n,n,p,p,p,p,n,p,p,p,p,p,p,n,p,p,p,p,n,p,n,n,p,n,p,n,p
997,p,n,p,p,n,p,p,p,p,p,p,p,p,p,p,p,p,p,p,n,p,p,p,p,p,p,n,p,p,n
998,n,p,n,p,p,p,p,p,p,n,p,n,p,n,p,n,p,p,p,p,n,p,p,n,p,p,p,p,n,p
999,p,n,p,n,p,n,p,p,p,p,p,p,n,n,p,n,p,p,p,n,n,p,p,p,n,p,p,p,p,p
1000,p,p,n,p,p,p,p,p,n,p,p,p,p,p,p,p,n,p,n,n,p,p,p,p,n,p,p,p,p,p
1001,p,p,p,p,p,p,n,p,n,p,n,p,p,p,n,n,p,p,p,n,p,p,p,p,p,n,p,p,n,p
1002,p,p,p,n,p,n,p,p,p,p,p,p,p,p,p,n,p,p,p,p,p,n,n,p,p,p,p,p,p,p
1003,p,p,p,n,p,p,p,p,p,p,n,p,p,p,p,p,n,p,p,p,p,p,p,n,p,p,p,p,p,p
1004,n,p,p,p,p,p,p,p,p,p,p,p,n,p,p,p,p,p,p,n,p,p,p,n,p,n,p,p,p,p
1005,p,p,p,p,p,p,p,p,n,p,p,p,p,p,p,p,p,p,p,p,n,p,n,p,p,p,p,p,p,p
1006,p,p,p,p,p,p,p,n,p,p,p,n,n,p,n,p,p,p,p,p,p,p,p,p,p,p,p,p,p,p
1007,p,p,n,p,p,p,p,p,p,p,p,p,p,n,n,p,n,p,p,n,n,p,p,p,p,n,n,p,p,p
1008,p,p,p,p,p,p,p,p,p,p,p,p,p,p,p,p,p,p,p,p,p,p,p,p,p,p,n,p,p,p
1009,p,p,p,p,p,p,p,p,p,p,n,n,p,p,p,p,p,p,p,p,p,p,p,p,n,p,p,p,p,p
1010,p,p,p,p,p,p,p,p,p,p,p,p,n,p,p,n,p,p,p,n,p,n,n,p,p,p,n,p,p,p
1011,p,p,n,p,p,p,p,p,p,p,p,p,p,p,p,p,p,n,n,n,p,p,p,p,p,p,n,p,p,p
1012,p,p,p,p,p,n,p,p,p,p,n,p,p,n,n,p,p,n,p,p,p,p,n,n,p,p,p,n,n,p
1013,p,p,n,p,p,p,n,n,p,p,p,p,p,n,p,p,p,p,p,p,n,p,p,p,n,p,n,n,p,n
1014,p,p,p,p,n,n,p,p,p,n,n,n,n,n,n,p,n,p,n,p,p,p,n,n,n,p,n,p,p,n
1015,p,p,p,p,p,p,p,n,p,p,n,p,p,p,p,p,p,p,p,p,p,p,p,p,p,p,p,p,n,p
1016,p,p,p,p,p,p,p,p,p,p,p,p,p,p,p,p,p,p,p,p,p,p,p,p,p,p,p,p,p,p
1017,n,p,p,n,p,p,p,p,n,p,p,p,p,n,p,p,p,p,n,p,p,n,p,p,p,p,p,p,p,n
1018,p,p,p,p,p,p,p,n,p,n,p,p,p,p,p,p,p,p,p,p,p,n,p,p,p,p,p,p,p,n
1019,p,p,n,p,p,n,n,p,n,p,p,p,n,n,n,p,p,p,p,p,n,n,p,n,p,p,p,n,p,p
1020,n,n,p,n,n,p,p,p,p,p,p,n,p,p,p,p,p,p,n,p,n,p,p,p,n,p,p,p,p,p
1021,p,p,p,p,n,p,p,n,p,p,p,p,p,p,p,p,p,p,p,p,p,p,n,p,n,p,p,n,p,p
1022,p,p,p,p,p,p,p,n,p,p,p,p,p,p,n,p,p,p,p,p,p,p,p,p,p,p,p,p,p,p
1023,p,p,p,p,p,p,p,p,p,p,p,p,p,p,p,p,p,p,p,n,p,p,n,p,p,p,p,p,p,p
1024,p,n,p,p,n,p,p,p,p,p,p,p,p,p,p,p,n,p,n,p,n,p,p,p,p,p,p,p,n,p
1025,n,p,p,p,p,p,p,p,p,p,p,p,n,p,p,p,p,p,p,p,p,p,p,p,p,n,p,p,p,n
1026,p,p,p,p,n,p,n,p,p,p,p,p,p,n,p,n,n,p,n,p,n,p,n,n,p,n,n,p,p,n
1027,p,p,n,p,p,p,p,p,p,p,p,p,p,p,p,p,p,p,p,n,p,p,n,p,p,p,p,p,p,p
1028,p,p,p,p,p,p,p,p,p,n,p,p,p,p,n,n,p,p,n,p,p,p,p,p,p,p,p,p,p,p
1029,p,n,n,p,p,p,n,p,p,p,n,p,p,p,p,p,n,n,p,n,p,p,n,n,p,n,p,p,n,p
1030,p,p,p,p,p,p,p,p,p,p,n,p,p,p,p,p,p,p,n,p,p,p,p,p,p,p,p,p,p,p
1031,p,p,p,p,p,p,p,p,p,p,p,p,p,p,p,p,p,p,p,p,p,p,p,p,p,p,p,p,p,p
1032,p,p,p,p,n,n,n,p,p,p,p,p,p,p,p,n,n,n,p,p,p,n,n,p,n,n,p,p,p,p
1033,p,p,p,p,n,n,p,n,p,p,p,p,p,p,p,p,p,p,p,p,p,p,p,p,p,p,p,p,p,n
1034,p,n,p,p,p,p,p,p,p,p,n,p,p,n,p,p,p,p,p,p,p,p,p,p,p,p,p,p,n,p
1035,n,p,p,p,p,p,p,n,n,n,p,p,p,p,p,p,p,n,n,n,p,p,p,n,p,n,p,p,n,n
1036,p,p,n,p,p,p,p,p,n,p,n,p,p,p,n,p,p,p,p,p,p,p,p,p,p,p,p,p,p,p
1037,p,p,p,p,p,n,p,p,p,n,p,n,n,p,p,p,p,p,p,p,p,n,p,p,p,p,p,p,p,p
1038,p,p,p,p,p,p,p,p,p,p,p,p,p,p,p,p,p,p,p,p,p,p,p,p,p,p,p,p,p,n
1039,p,p,p,p,p,p,p,p,p,p,p,p,n,p,n,p,p,p,n,p,p,p,p,p,n,p,p,p,p,p
1040,p,n,p,p,p,p,p,p,p,n,p,p,p,p,p,p,p,p,p,p,n,p,n,p,p,n,p,p,p,p
1041,p,p,p,p,p,p,p,p,p,p,p,p,p,p,p,p,p,n,p,p,n,p,p,n,p,p,p,p,p,p
1042,p,p,p,p,p,p,n,p,p,p,p,p,p,p,p,p,p,p,p,p,p,n,p,n,p,p,p,p,p,p
1043,p,n,p,p,p,p,p,p,p,p,p,n,p,p,p,n,p,n,p,p,p,p,p,p,p,n,n,p,p,n
1044,p,p,p,n,p,p,p,p,p,p,p,n,p,p,p,p,p,p,p,p,n,p,p,p,p,p,p,p,p,n
1045,n,p,p,p,p,p,p,p,p,p,p,p,p,p,p,p,n,p,n,p,p,p,p,n,p,p,p,p,p,p
1046,p,p,p,n,n,p,p,n,p,p,p,n,p,p,p,p,p,p,p,p,p,p,p,p,p,p,p,p,n,p
1047,p,p,p,p,p,p,p,p,p,p,p,p,n,p,p,p,p,p,p,p,p,p,p,p,p,n,p,p,n,n
1048,n,p,p,p,n,p,p,p,p,p,p,n,n,p,p,p,n,p,n,n,n,n,p,p,p,p,p,p,n,p
1049,n,p,p,n,n,p,n,p,p,p,p,p,p,n,p,p,p,n,p,n,p,p,p,n,p,p,p,p,p,p
1050,p,p,n,p,p,n,p,p,p,p,p,p,p,p,p,p,n,p,p,p,n,p,p,p,p,p,p,n,p,p
1051,n,p,p,n,n,p,p,n,n,p,n,p,p,n,p,p,p,p,p,n,p,p,n,p,n,p,n,p,p,n
1052,p,p,p,p,p,p,p,p,p,p,p,n,p,n,p,n,p,p,p,p,p,p,p,n,n,p,p,n,p,p
1053,p,p,n,p,p,p,p,p,n,p,p,p,p,n,p,p,n,p,p,n,p,n,p,p,n,n,p,p,n,p
1054,p,n,n,p,p,p,p,p,p,p,p,p,p,p,p,p,p,p,p,p,p,p,n,p,p,n,p,p,p,p
1055,p,p,p,p,p,p,n,n,p,p,p,p,p,p,p,p,n,p,p,p,p,p,p,p,p,p,p,p,p,n
1056,p,p,n,p,p,n,n,p,n,p,p,p,p,p,p,n,n,p,n,p,n,p,p,p,p,n,n,p,p,n
1057,p,p,n,p,p,p,n,p,p,p,p,p,p,p,n,p,n,p,n,p,p,n,p,p,n,p,p,p,p,n
1058,p,p,p,p,p,p,p,p,p,p,p,p,p,p,p,p,p,p,p,n,p,p,p,p,p,p,p,p,p,p
1059,n,n,p,p,p,p,p,p,p,p,n,n,p,p,p,p,p,p,p,p,n,p,n,n,p,p,p,p,p,n
1060,n,p,p,n,p,p,n,n,n,p,p,p,p,p,p,n,p,p,p,n,p,p,p,n,p,p,n,p,p,p
1061,p,p,n,p,p,n,p,p,p,p,p,p,p,n,p,p,p,p,p,n,p,p,n,n,p,n,n,p,n,p
1062,p,p,n,p,n,n,n,n,n,n,n,p,n,p,p,n,p,p,p,p,p,p,p,p,p,n,p,p,p,p
1063,p,p,p,p,p,p,p,p,p,n,p,p,p,p,p,p,p,p,p,p,p,p,p,p,p,n,p,p,p,n
1064,p,p,p,p,p,p,p,p,p,p,p,p,p,n,p,p,n,p,p,p,p,p,p,n,p,p,p,p,p,p
1065,p,p,p,p,p,p,p,p,p,n,p,p,p,p,n,p,n,p,p,p,p,p,p,p,p,p,p,p,p,p
1066,n,p,p,p,n,p,p,p,p,n,n,p,p,n,p,p,p,p,p,p,p,p,p,p,n,n,p,n,p,n
1067,p,p,p,p,n,p,n,p,n,p,n,p,p,p,p,p,p,p,p,p,p,p,p,p,p,p,n,p,p,p
1068,n,p,n,p,p,p,n,p,p,p,n,n,p,n,n,n,n,p,n,n,p,p,p,p,p,p,p,p,p,n
1069,p,p,p,p,p,p,n,p,p,p,p,p,p,p,p,p,p,p,p,p,p,p,p,p,p,p,p,p,n,p
1070,n,p,p,p,p,n,p,p,p,p,p,n,n,n,n,p,n,p,n,p,p,n,p,p,n,p,n,p,p,p
1071,n,p,p,p,p,p,p,p,p,p,p,p,p,p,p,p,p,n,p,p,p,p,p,n,p,p,p,p,p,p
1072,p,p,p,p,n,p,p,n,n,n,p,n,p,p,p,n,n,p,p,n,p,n,p,n,n,p,p,p,n,p
1073,p,p,n,p,p,n,p,n,p,p,p,n,p,p,p,n,p,p,n,p,p,n,p,p,p,n,p,n,p,p
1074,p,n,n,n,p,p,p,n,p,n,n,p,n,n,n,p,p,p,p,n,p,p,p,n,n,n,n,p,p,p
1075,p,n,p,p,p,p,p,n,p,p,n,n,n,p,p,p,n,n,p,n,p,p,p,p,p,n,p,n,p,p
1076,p,p,p,p,n,p,n,p,p,n,n,n,n,n,p,n,p,p,n,n,p,p,p,p,n,n,n,p,p,p
1077,p,p,p,p,p,p,p,p,p,p,p,p,p,p,p,p,p,p,p,p,p,p,p,p,p,p,p,p,n,p
1078,p,p,p,n,p,n,p,p,n,p,n,p,p,p,p,p,p,p,p,p,n,p,p,p,p,p,p,p,p,p
1079,p,p,p,n,p,p,n,p,p,p,n,n,p,p,p,p,p,p,p,p,p,n,p,p,p,p,p,n,p,p
1080,n,n,p,n,n,p,n,p,n,n,p,p,p,p,p,n,p,n,n,p,n,p,n,p,n,n,p,n,p,p
1081,p,p,p,p,p,p,n,p,p,n,p,p,p,p,p,p,p,p,p,p,n,p,p,p,p,p,p,p,p,n
1082,n,n,n,p,n,p,n,n,n,p,n,n,p,p,n,p,p,p,n,n,n,n,n,n,n,p,n,n,n,p
1083,p,p,p,p,p,p,p,p,p,p,p,n,p,p,p,p,p,p,n,p,p,p,p,p,p,p,n,p,p,p
1084,n,n,p,p,p,p,p,p,p,p,p,p,p,p,p,p,n,p,p,p,p,p,n,p,p,p,p,p,n,p
1085,p,n,p,p,p,p,p,p,p,p,p,p,p,p,p,p,p,p,p,p,n,p,p,p,p,p,p,p,p,p
1086,n,p,p,p,p,p,p,p,p,n,p,p,n,n,p,n,p,n,p,p,p,p,n,p,n,p,n,n,n,p
1087,n,p,p,n,p,p,p,n,p,p,n,p,p,p,p,n,n,p,p,p,p,p,p,p,p,p,p,p,p,p
1088,p,p,p,p,p,n,n,p,n,p,p,p,p,p,p,p,n,n,p,p,p,p,p,n,p,p,p,p,n,p
1089,p,p,p,p,p,p,p,n,p,p,n,p,p,p,p,p,p,p,n,p,p,p,p,n,p,p,p,p,p,p
1090,n,p,p,p,p,p,p,p,p,p,p,p,p,p,p,p,p,p,p,p,p,p,p,p,p,p,p,p,p,p
1091,p,p,p,p,n,p,p,p,n,p,p,p,p,p,n,p,p,p,p,n,n,p,p,p,p,p,n,p,n,p
1092,p,p,p,p,p,p,p,p,p,n,p,p,p,n,n,p,p,p,p,p,p,p,p,p,n,p,p,p,p,p
1093,n,p,p,n,p,p,p,p,p,p,p,p,p,p,p,p,p,p,p,p,p,p,p,p,p,p,p,p,p,n
1094,p,p,p,n,p,p,p,n,p,p,n,p,p,p,n,n,p,p,p,n,p,n,n,p,p,p,p,p,p,p
1095,n,n,p,p,p,n,p,p,p,p,p,p,n,p,p,n,p,p,p,p,p,p,n,p,p,n,p,p,p,p
1096,p,n,p,p,p,p,p,p,p,p,p,p,p,p,p,p,p,n,p,p,p,p,p,p,p,p,p,p,p,p
1097,n,n,p,p,n,p,n,p,p,n,p,p,p,n,p,p,p,p,p,p,p,n,p,n,p,p,p,p,p,p
1098,p,p,p,p,p,p,p,p,p,p,p,p,p,p,p,p,p,p,p,p,p,p,n,p,p,n,n,p,p,p
1099,p,p,p,p,p,p,p,p,p,n,n,p,n,n,p,p,p,n,n,p,p,p,p,p,n,n,p,p,p,p
1100,p,p,p,p,p,p,p,p,p,n,p,p,n,p,p,p,p,p,p,p,p,p,p,p,p,p,p,p,p,p
1101,p,p,p,n,n,p,p,p,p,p,p,p,p,p,n,p,p,p,p,p,n,n,p,p,n,p,n,p,p,p
1102,p,p,p,p,p,p,p,p,p,n,p,p,p,p,p,p,p,p,n,p,p,p,p,p,p,p,p,p,p,p
1103,p,p,n,p,p,p,n,p,p,p,n,p,p,p,p,p,p,p,p,p,n,p,p,n,p,p,p,p,n,n
1104,p,p,p,p,p,p,p,p,p,p,n,n,p,p,p,p,p,p,p,p,p,p,p,p,p,p,p,p,p,n
1105,p,p,p,n,n,p,n,p,p,n,p,p,p,n,p,p,p,p,p,n,p,p,p,p,p,n,p,p,p,n
1106,p,p,p,p,p,p,p,n,n,p,p,p,p,p,p,p,p,p,p,p,p,p,p,n,p,p,p,p,p,p
1107,n,p,p,p,n,n,p,p,p,n,p,p,p,n,p,p,p,p,n,p,p,p,p,n,n,n,n,p,n,n
1108,p,n,p,n,p,n,n,p,n,n,n,n,n,n,p,p,p,p,n,p,n,p,n,p,p,p,p,n,n,p
1109,p,p,p,p,p,p,p,p,p,n,p,p,p,p,p,p,p,p,n,p,p,p,p,p,p,p,p,n,p,p
1110,n,n,p,p,p,p,p,n,p,n,n,p,p,n,p,p,p,n,p,p,n,p,p,p,p,n,p,p,p,p
1111,p,p,n,p,p,p,p,p,p,p,p,p,p,n,p,p,p,p,p,p,p,p,p,p,p,p,p,p,p,p
1112,p,n,p,n,p,p,p,p,p,n,p,p,p,p,p,p,n,p,p,p,p,p,p,p,p,p,p,p,p,p
1113,p,n,p,n,p,p,n,p,n,p,p,p,p,p,n,p,p,p,p,p,p,n,n,p,p,p,p,n,p,n
1114,p,p,p,p,p,p,p,p,p,p,p,p,p,p,p,p,p,p,p,p,p,p,p,p,p,p,p,n,p,p
1115,p,p,n,p,p,p,p,p,n,p,p,p,n,p,n,p,p,p,n,p,n,p,p,p,p,p,n,p,p,n
1116,n,p,p,n,n,p,n,n,n,n,n,n,p,n,p,n,p,n,p,p,n,n,n,n,n,p,p,p,p,n
1117,n,p,p,p,n,n,p,p,p,p,n,p,n,p,p,p,p,n,p,p,p,p,p,n,p,p,p,p,p,p
1118,p,n,p,p,p,p,p,p,p,p,n,p,p,p,p,p,p,p,p,p,p,p,p,p,p,p,p,p,p,p
1119,p,p,p,p,p,p,p,p,p,p,p,p,p,p,p,p,p,p,p,p,p,p,n,p,p,p,p,p,p,p
1120,n,p,p,p,p,p,p,p,n,p,p,p,n,n,p,p,p,p,p,n,p,n,p,n,p,p,p,p,p,p
1121,p,p,p,p,p,p,p,p,p,p,p,p,p,p,p,p,p,n,p,p,p,p,p,n,p,p,p,p,p,p
1122,p,p,p,p,p,p,p,p,p,p,p,n,p,p,n,n,p,p,p,p,n,n,p,p,p,p,p,n,p,p
1123,p,p,p,p,p,p,p,p,p,n,p,p,p,p,p,p,n,p,p,p,p,n,p,p,n,p,p,p,p,n
1124,p,n,p,n,p,n,p,n,n,p,p,n,p,p,p,p,n,n,p,p,n,p,p,p,n,p,n,n,p,n
1125,p,p,p,p,p,n,p,p,p,p,p,p,p,p,p,p,n,p,p,p,p,p,p,p,p,n,p,p,p,p
1126,n,n,p,n,n,p,p,p,n,n,n,p,n,p,p,p,n,p,n,n,p,p,n,p,p,n,p,n,n,p
1127,p,p,p,n,p,p,p,p,p,p,p,n,p,p,p,n,n,n,n,p,n,n,p,n,n,p,p,n,p,p
1128,p,p,n,n,p,p,p,n,p,n,p,p,n,n,p,n,n,p,p,p,p,p,n,p,p,n,p,p,p,p
1129,p,p,p,p,p,n,p,p,p,p,p,p,p,n,p,p,p,p,p,p,n,p,p,p,n,p,n,n,p,n
1130,p,p,p,n,p,p,p,p,p,p,p,p,p,p,p,p,p,n,p,p,p,p,n,p,p,p,p,p,p,p
1131,n,p,p,n,p,p,p,p,p,p,p,p,p,p,n,p,p,p,p,n,p,p,p,p,p,p,p,n,p,p
1132,n,p,p,p,p,p,p,p,p,n,p,p,p,n,p,p,p,p,n,p,p,p,p,p,p,p,p,p,p,n
1133,p,p,n,p,p,p,n,p,p,n,p,p,p,p,p,p,p,p,p,p,p,n,p,p,n,n,p,n,n,n
1134,p,n,p,p,p,p,n,n,p,n,p,p,n,p,n,n,n,n,p,p,p,p,p,p,p,p,p,p,p,p
1135,n,n,p,p,n,p,p,p,p,p,p,p,p,p,p,n,p,n,p,p,p,p,p,p,n,p,p,p,p,p
1136,p,n,n,p,p,p,p,p,p,n,p,p,p,p,p,p,p,p,p,n,p,n,p,p,p,p,p,p,p,p
1137,n,p,p,p,p,n,p,p,p,n,p,p,p,n,n,p,p,p,n,p,p,p,p,n,p,p,p,p,n,p
1138,p,p,p,p,p,p,p,p,p,p,p,p,p,p,p,p,p,p,p,p,p,p,p,n,p,p,p,p,p,n
1139,p,p,p,p,p,p,p,p,p,p,p,p,n,n,p,p,p,p,p,p,p,p,p,p,p,p,p,p,p,p
1140,p,p,p,p,n,p,p,p,p,p,p,p,n,p,p,p,p,n,p,n,p,p,p,p,p,p,p,p,p,p
1141,n,p,n,p,p,p,p,p,p,p,p,p,p,p,p,n,p,p,p,p,n,p,p,p,p,p,p,p,n,p
1142,p,p,p,p,p,p,p,p,p,n,p,n,p,p,p,n,p,p,p,p,p,p,p,p,p,p,p,p,p,n
1143,n,p,p,n,n,n,p,p,p,n,n,n,n,n,p,p,p,n,n,p,n,n,p,p,n,n,n,p,p,n
1144,p,p,p,n,p,p,p,p,p,p,p,p,p,p,p,p,p,p,p,p,p,p,p,p,p,p,p,p,n,p
1145,p,p,p,p,p,n,p,p,p,p,p,p,n,p,p,p,p,p,p,p,p,p,p,p,p,p,p,p,p,p
1146,p,p,p,p,p,n,p,n,p,p,p,p,p,p,p,p,p,p,p,p,p,p,p,p,p,p,p,p,p,p
1147,p,n,p,p,n,p,p,p,p,p,p,p,p,p,n,p,p,p,p,p,p,p,p,p,p,p,p,p,p,p
1148,p,p,p,p,p,p,p,p,p,p,n,p,p,p,p,p,p,p,p,p,p,p,p,n,p,p,p,p,n,p
1149,p,p,p,p,p,p,p,p,n,p,n,p,p,p,p,p,p,p,p,p,p,p,p,p,p,p,p,p,p,p
1150,p,p,p,n,p,n,n,n,p,n,p,p,p,p,p,p,p,p,n,p,p,p,n,p,p,p,p,p,n,p
1151,p,p,p,p,p,p,p,p,p,p,p,n,p,p,n,p,p,p,n,p,n,p,p,p,p,n,p,p,p,p
1152,p,p,n,p,p,p,n,p,p,p,p,p,p,p,n,p,n,p,n,p,p,p,p,p,p,p,n,p,p,p
1153,p,p,p,p,p,p,p,p,p,p,p,p,n,p,p,p,p,p,p,p,p,p,p,p,p,p,n,p,p,p
1154,n,p,p,p,p,p,p,p,p,p,p,p,p,p,n,p,p,p,p,p,n,p,p,p,p,n,p,p,p,p
1155,p,p,p,p,n,p,p,p,p,n,p,p,p,n,p,p,n,p,n,p,p,p,p,p,n,n,p,p,p,n
1156,p,n,p,p,p,n,p,p,p,p,p,p,p,n,p,p,n,p,p,p,p,p,p,p,p,p,p,p,p,p
1157,p,n,p,p,p,p,p,n,p,p,p,p,p,p,p,n,p,n,p,n,p,p,p,p,p,p,p,p,p,p
1158,p,p,p,n,p,p,p,p,p,p,p,p,p,p,p,p,p,p,p,p,p,n,p,p,p,p,p,p,p,p
1159,p,n,p,n,p,p,p,p,p,p,p,p,p,p,p,p,p,p,p,p,p,p,p,p,p,p,p,p,n,p
1160,n,n,p,p,p,p,p,p,p,n,p,p,p,p,p,p,p,p,p,p,p,p,p,p,p,p,n,p,n,n
1161,p,p,p,p,p,p,p,p,p,p,p,p,p,p,p,n,p,n,p,p,p,p,p,p,p,n,p,p,p,p
1162,p,p,p,p,p,p,p,p,p,p,n,p,p,p,p,p,p,p,p,p,p,p,p,p,p,p,p,p,p,p
1163,p,p,p,n,p,p,p,p,p,p,p,p,n,p,p,p,p,p,p,p,p,p,p,p,n,p,p,p,p,p
1164,p,p,p,n,p,p,p,n,p,p,p,p,p,p,p,p,p,p,p,p,p,p,p,n,n,p,p,p,p,p
1165,p,p,p,p,p,n,p,p,p,p,p,p,p,p,p,n,p,p,p,p,p,p,n,n,p,p,p,p,p,p
1166,n,p,p,n,n,p,p,p,p,p,p,n,p,n,p,p,p,p,n,p,p,p,n,p,p,p,n,p,p,p
1167,p,p,p,n,n,n,n,n,n,p,n,p,n,n,p,n,p,p,n,p,p,n,n,p,n,n,p,p,n,n
1168,p,p,p,p,p,p,p,p,p,p,p,n,n,p,p,p,n,p,p,p,n,p,p,p,p,p,p,p,p,p
1169,p,p,p,p,p,p,p,p,p,p,n,p,p,p,p,p,p,p,p,p,p,p,p,p,p,p,p,p,p,p
1170,p,n,p,p,p,n,p,p,n,n,n,p,p,p,n,p,p,p,p,p,p,p,n,p,p,p,p,n,p,p
1171,p,n,p,p,p,p,p,p,p,p,n,p,p,p,n,p,p,p,p,p,p,p,p,n,p,n,p,n,n,p
1172,p,n,p,p,p,n,p,n,n,p,p,p,p,p,n,p,p,p,p,p,n,p,n,n,n,p,p,p,p,n
1173,p,p,p,p,p,p,p,p,p,p,p,p,p,p,n,p,p,p,n,p,p,p,p,p,p,p,p,p,p,p
1174,p,p,p,p,p,p,p,p,p,p,p,p,p,p,p,p,p,p,p,p,p,p,p,p,p,n,p,p,p,p
1175,n,n,n,n,n,p,n,n,p,n,p,n,p,p,p,n,n,p,n,p,n,p,p,p,p,p,n,n,p,n
1176,p,p,p,p,p,p,p,p,p,p,n,p,p,p,p,p,p,n,p,p,p,p,p,p,p,p,p,p,p,p
1177,p,p,p,p,p,p,p,p,p,p,p,p,n,p,p,p,p,n,p,p,p,p,p,p,n,p,p,n,p,p
1178,p,n,p,n,n,p,p,p,n,p,p,p,n,p,n,n,n,n,n,n,n,p,n,n,n,p,n,n,p,p
1179,p,p,p,p,p,p,p,p,p,p,p,p,p,p,n,p,p,p,p,p,p,p,p,p,p,p,p,p,p,p
1180,p,n,p,p,p,p,p,p,p,n,n,p,p,p,p,p,p,n,n,p,p,n,p,p,p,p,p,p,p,n
1181,p,p,p,p,p,p,p,p,p,n,n,p,p,p,p,n,n,p,p,p,n,p,p,p,n,p,n,p,n,n
1182,p,p,p,p,p,p,p,p,p,p,p,n,n,p,n,p,n,n,p,p,n,p,n,p,p,n,p,p,p,n
1183,p,p,p,p,p,p,p,n,p,p,p,p,n,p,p,p,p,p,p,n,p,n,n,p,p,p,p,p,n,p
1184,p,n,p,p,p,p,p,p,p,p,p,p,p,p,p,p,p,p,p,p,p,p,p,p,p,p,p,p,p,p
1185,p,p,p,n,p,p,p,p,p,n,p,p,p,p,n,p,p,n,p,p,n,p,p,p,p,p,p,p,p,p
1186,n,p,p,p,p,p,p,n,n,p,p,p,p,p,p,p,n,n,p,p,n,p,p,p,n,p,p,p,p,p
1187,p,p,p,p,p,p,p,p,n,p,p,p,p,p,n,p,n,p,p,p,p,p,n,n,p,n,p,p,n,p
1188,n,p,p,p,p,p,p,p,p,p,p,p,p,p,n,p,p,p,p,p,p,p,p,p,p,p,p,p,n,p
1189,n,n,p,p,p,p,p,n,p,p,p,p,p,p,p,p,n,p,p,p,p,p,p,p,p,p,n,p,p,p
1190,p,p,p,n,p,p,p,p,p,p,p,n,p,n,p,p,n,n,n,p,n,p,n,p,p,n,p,p,n,n
1191,p,p,p,p,p,n,p,p,p,n,p,n,n,p,p,p,p,n,p,p,n,n,p,p,p,n,n,p,p,p
1192,p,p,p,p,p,p,p,p,p,p,p,p,p,n,p,p,p,p,p,p,p,n,p,n,p,p,p,p,p,p
1193,n,p,n,p,p,n,n,p,p,n,p,n,n,p,n,n,p,p,n,p,n,p,n,p,p,n,p,n,p,n
1194,p,p,p,p,p,p,p,p,p,p,p,p,p,p,p,p,p,p,p,p,p,p,p,p,p,p,p,n,p,p
1195,p,p,p,p,p,p,p,p,p,p,p,n,n,p,p,p,n,p,p,p,p,p,p,p,p,p,p,p,n,p
1196,n,n,p,p,n,p,n,p,n,p,p,n,n,p,n,p,p,p,p,p,p,n,p,p,n,n,p,n,p,p
1197,n,p,p,p,p,p,p,p,p,p,p,p,p,p,p,p,p,p,p,p,p,p,p,p,p,p,p,p,p,p
1198,p,p,n,p,p,p,p,p,p,p,n,n,p,p,n,n,p,n,n,n,n,p,p,p,p,p,n,n,n,p
1199,p,p,p,p,p,p,p,p,p,p,p,p,p,p,p,p,p,p,p,p,p,p,p,p,p,p,p,p,p,p
1200,p,n,p,p,p,p,p,p,p,p,p,p,p,p,p,n,n,p,p,p,p,p,p,p,p,p,p,p,p,p
1201,p,n,p,n,p,p,n,n,p,p,n,n,p,p,p,n,p,p,p,p,p,p,n,p,p,p,p,p,p,n
1202,p,p,p,p,p,n,p,n,n,n,p,n,n,p,n,p,n,p,p,p,p,p,n,p,p,p,p,p,p,p
1203,p,n,p,p,p,p,p,n,p,p,p,n,p,p,n,n,n,n,n,n,p,p,p,p,p,n,n,p,n,p
1204,p,p,p,p,n,p,p,n,p,p,p,p,p,p,p,p,p,p,p,p,n,n,p,p,p,n,p,p,p,n
1205,n,p,p,p,n,n,p,p,p,p,p,n,p,p,p,p,p,p,p,p,p,n,p,p,p,p,p,n,n,p
1206,p,p,p,p,p,p,p,p,p,p,p,p,p,n,p,n,p,p,n,p,p,p,p,p,p,n,p,p,p,p
1207,p,p,n,p,n,p,p,p,p,p,n,p,p,n,p,p,n,p,n,p,n,p,p,p,p,p,p,p,p,p
1208,p,p,p,p,p,n,p,p,p,n,n,p,p,p,p,p,p,p,p,p,p,p,p,p,p,p,p,p,p,p
1209,p,p,p,p,n,p,p,p,p,p,p,p,p,p,p,p,p,p,p,p,p,n,p,p,p,p,p,p,p,n
1210,p,p,p,p,p,p,p,n,p,p,p,p,p,n,p,p,n,p,n,p,p,p,p,n,p,p,p,p,n,n
1211,p,p,p,p,n,p,p,p,p,p,n,p,p,p,p,p,p,p,p,p,p,p,p,p,p,p,n,p,p,p
1212,n,n,p,n,p,p,n,p,n,n,n,p,p,p,n,p,p,p,n,p,n,p,p,n,n,n,n,n,n,n
1213,p,n,p,p,p,p,n,p,p,p,p,p,p,p,p,p,p,p,p,p,p,n,p,n,p,p,p,p,n,p
1214,p,p,p,p,p,p,p,p,p,p,p,p,p,p,p,p,p,p,p,n,p,p,p,p,n,p,p,p,p,p
1215,p,n,p,p,p,p,p,p,p,p,n,p,p,p,p,p,p,n,p,p,p,p,p,p,p,p,p,p,p,p
1216,p,p,p,p,p,p,p,p,p,p,p,p,p,p,p,p,p,p,p,n,p,p,p,p,p,p,p,p,p,p
1217,p,n,p,p,n,p,p,p,p,n,p,p,p,p,p,n,p,p,p,p,p,p,p,p,p,p,p,p,p,p
1218,p,p,p,p,p,p,p,n,n,p,p,n,p,n,p,n,p,p,p,p,n,p,p,p,p,p,p,p,p,n
1219,p,p,p,p,n,p,n,n,n,p,p,n,p,n,p,p,p,n,p,p,n,n,p,p,n,n,p,n,p,n
1220,p,p,p,p,p,n,p,p,p,p,p,p,p,p,p,p,p,p,p,n,p,p,n,p,p,p,p,p,p,p
1221,p,p,p,p,p,p,p,p,p,n,p,p,n,n,p,p,p,p,p,p,n,p,p,p,p,p,p,p,p,p
1222,p,n,p,p,p,p,p,n,n,p,p,p,n,n,n,p,p,p,n,p,n,p,n,p,n,p,p,p,p,n
1223,p,n,n,p,p,p,n,p,p,p,p,p,n,p,p,p,p,p,p,n,p,n,p,p,p,p,p,p,p,p
1224,p,p,p,p,n,p,p,p,p,p,p,n,p,n,p,p,p,n,p,p,n,n,p,n,n,p,p,p,p,n
1225,n,p,n,p,n,n,n,n,p,n,p,n,n,n,n,n,p,p,p,n,p,n,p,p,n,n,p,p,p,n
1226,p,p,p,p,p,p,p,p,p,n,p,p,p,p,p,p,p,p,n,p,p,p,p,p,p,p,p,p,p,p
1227,p,p,p,n,n,p,p,p,p,p,p,p,p,p,p,p,p,n,p,n,p,n,n,p,p,p,p,n,p,p
1228,p,p,p,p,p,p,p,n,p,p,p,p,p,p,n,p,n,p,p,p,p,p,p,n,p,p,p,n,n,p
1229,n,p,p,p,p,p,p,p,p,p,p,p,p,p,p,p,p,p,p,p,n,p,p,n,p,p,p,p,p,p
1230,p,p,n,p,n,n,p,p,p,p,p,p,n,p,p,p,p,p,p,p,p,n,p,p,n,p,p,n,p,p
1231,p,p,p,p,p,n,p,p,p,p,p,p,p,p,n,p,p,n,p,p,p,p,p,p,p,p,n,n,p,p
1232,n,p,p,n,p,p,n,p,p,n,p,p,p,p,n,p,p,p,n,p,p,n,p,p,n,p,p,p,n,n
1233,p,p,p,p,n,p,n,p,p,p,p,p,p,n,p,p,p,p,p,p,p,p,p,p,p,p,p,p,p,p
1234,p,p,p,p,p,p,p,p,n,p,n,n,n,n,p,n,n,n,p,n,p,n,p,n,p,n,p,p,n,p
1235,p,p,p,p,p,p,p,p,p,p,p,p,p,p,p,p,p,p,p,p,p,p,p,p,p,p,p,p,p,p
1236,p,p,n,n,p,p,p,p,p,p,p,p,p,p,p,p,p,p,p,p,p,p,p,p,n,p,p,p,p,n
1237,p,p,p,p,p,p,p,p,p,p,p,p,p,p,p,p,p,p,n,p,p,n,p,p,p,p,p,p,p,p
1238,p,n,p,n,p,p,p,p,p,p,n,p,p,p,p,n,n,p,p,p,p,p,p,p,p,p,p,p,p,p
1239,n,p,p,p,p,p,n,n,n,n,p,p,p,n,p,p,p,p,p,p,p,p,n,p,p,p,p,p,p,p
1240,n,n,p,n,n,p,p,p,p,p,n,p,n,p,p,p,n,n,p,p,p,n,n,p,p,n,p,n,n,n
1241,p,p,p,p,p,p,p,p,p,p,p,p,p,p,p,p,p,p,p,p,p,p,n,p,p,p,p,n,n,p
1242,p,p,p,p,p,p,p,p,p,n,p,p,n,p,p,p,p,p,p,p,p,p,p,p,p,p,p,p,p,p
1243,p,p,p,p,p,p,p,p,p,p,n,p,p,n,p,p,p,n,p,n,p,p,p,p,p,p,p,p,p,
1244,n,p,p,p,p,p,p,p,p,p,p,n,n,p,p,p,p,p,p,p,p,p,n,p,p,n,p,p,p,p
1245,p,p,p,p,p,p,p,p,p,p,p,p,p,n,p,n,p,p,p,p,p,p,p,n,p,p,n,n,n,p
1246,p,n,p,n,p,p,p,p,p,n,p,p,p,n,n,n,n,p,p,p,p,p,p,n,p,p,n,p,p,p
1247,n,p,n,p,p,n,n,n,p,p,p,p,n,p,n,p,n,p,p,p,p,n,n,n,p,n,n,p,p,p
1248,p,p,p,p,p,p,p,p,p,p,p,p,p,p,p,n,p,p,p,p,p,p,p,p,p,p,p,p,p,p
1249,p,p,p,p,p,p,n,p,p,p,p,p,p,p,p,p,p,p,n,p,p,p,p,p,p,p,p,p,p,p
1250,p,n,p,p,n,p,p,p,p,n,p,p,n,p,p,n,p,p,p,p,p,p,n,p,p,p,n,p,p,p
1251,p,p,n,n,n,n,p,p,p,n,p,n,n,n,p,n,n,p,p,p,n,n,n,n,p,p,p,p,p,p
1252,n,p,p,p,p,n,p,p,n,p,p,n,p,p,n,p,p,p,p,n,p,p,p,p,p,n,p,n,p,
1253,p,p,n,p,n,n,n,p,p,n,p,n,p,p,n,n,p,p,p,p,p,p,p,p,p,p,p,p,p,p
1254,p,p,p,p,p,p,p,p,n,n,n,p,n,n,p,n,p,n,p,n,p,n,n,n,p,p,p,p,p,p
1255,p,p,p,p,p,p,p,p,n,p,p,p,p,p,p,p,n,p,p,p,n,n,p,p,p,p,p,p,p,p
1256,p,n,p,n,p,p,p,p,p,p,p,p,p,p,p,n,p,p,p,n,p,p,p,p,p,n,p,p,p,p
1257,p,p,p,p,p,p,p,p,p,p,p,p,p,n,p,p,p,p,p,n,p,p,p,p,p,p,n,p,p,p
1258,p,p,n,p,n,p,p,p,p,n,p,n,p,p,p,p,p,p,p,p,p,p,n,n,p,p,p,p,p,p
1259,n,p,p,p,p,p,p,n,p,p,p,p,p,p,p,p,p,p,n,p,p,n,p,n,p,p,p,p,n,n
1260,p,p,p,p,p,p,n,p,p,p,p,p,n,p,p,p,p,p,p,p,p,p,n,p,n,p,p,p,p,p
1261,p,p,n,p,p,n,p,p,p,n,p,p,p,p,p,p,n,p,p,n,p,p,p,p,p,n,p,p,n,n
1262,p,n,p,p,p,p,p,p,p,p,p,p,n,p,n,n,n,p,p,p,p,p,p,p,n,p,p,p,p,p
1263,p,p,n,p,p,p,p,p,p,n,p,p,p,n,n,n,p,p,n,p,n,p,p,p,n,p,p,n,p,p
1264,p,p,p,p,p,p,p,p,p,p,p,p,n,n,p,p,p,p,p,p,p,p,p,n,p,p,n,n,p,p
1265,p,p,p,p,p,p,p,p,p,p,n,n,p,p,p,p,p,p,n,p,n,p,n,p,p,p,p,p,p,p
1266,p,n,n,p,n,n,n,p,p,n,p,n,n,p,p,p,n,n,p,p,n,p,n,p,p,p,p,p,n,p
1267,p,p,p,n,p,p,p,p,p,p,n,p,p,p,p,n,n,n,p,n,n,p,p,p,n,p,p,p,n,p
1268,n,p,p,n,p,p,p,p,p,p,p,p,p,p,p,p,p,p,p,p,p,n,p,p,p,p,p,p,p,p
1269,p,p,n,n,n,p,p,p,p,n,n,p,p,p,p,p,n,p,p,p,p,p,p,p,n,p,p,p,p,n
1270,p,p,p,p,p,p,n,p,p,p,p,p,p,p,p,n,p,p,p,p,p,p,p,p,p,p,p,p,p,p
1271,p,p,p,p,p,p,p,p,p,p,p,p,p,p,p,p,p,p,p,p,p,p,n,p,p,p,p,p,p,p
1272,n,p,p,p,n,p,p,p,p,p,p,n,n,p,n,p,p,p,p,p,n,p,p,p,p,p,n,p,p,p
1273,p,p,p,p,n,p,p,p,p,p,p,p,p,p,p,p,p,n,n,p,p,n,n,p,p,p,n,p,p,p
1274,n,p,p,p,p,n,p,n,p,p,n,p,n,p,p,p,p,p,p,p,p,p,p,p,p,p,p,n,p,p
1275,p,p,p,n,p,p,p,n,p,p,p,p,p,p,p,p,p,p,n,p,p,p,p,p,p,p,p,p,p,n
1276,p,p,p,p,p,n,n,p,p,n,n,p,p,p,p,n,n,p,p,p,p,p,p,p,p,p,n,n,n,p
1277,p,p,p,n,n,p,p,n,p,n,n,p,n,p,p,n,n,p,p,p,p,p,p,p,p,p,p,p,n,n
1278,p,p,p,p,p,p,p,p,p,p,p,p,p,p,n,p,p,p,p,p,p,p,p,p,p,p,p,p,p,p
1279,p,p,p,p,p,p,p,n,p,p,p,p,n,p,p,p,n,p,n,n,p,p,n,n,p,p,p,p,p,p
1280,n,p,p,p,p,p,p,p,p,p,p,p,p,p,p,n,p,p,p,p,p,p,p,n,p,p,p,p,p,p
1281,p,p,p,p,n,p,n,p,p,n,n,p,n,p,p,p,p,p,p,p,p,p,n,p,p,p,p,p,p,p
1282,p,p,p,p,p,p,p,p,p,p,p,p,p,p,p,p,p,p,n,n,p,p,p,p,p,p,p,p,p,p
1283,p,p,p,p,p,p,p,p,p,p,p,p,p,p,p,p,p,p,p,p,p,p,p,p,p,p,p,p,p,p
1284,p,p,p,p,p,n,p,p,p,p,p,p,p,p,n,p,p,p,p,p,n,p,p,p,n,p,p,p,p,p
1285,p,p,p,p,p,p,p,p,p,p,n,n,p,p,p,p,p,p,n,n,p,p,n,n,p,p,p,p,p,p
1286,p,p,p,p,p,p,p,p,p,p,p,p,p,p,p,p,p,p,p,p,p,p,p,p,p,p,p,p,p,p
1287,p,p,p,p,p,p,p,p,p,p,p,p,n,p,p,p,p,p,p,p,p,p,p,p,p,p,n,p,p,p
1288,p,p,p,p,p,p,p,p,n,p,p,p,p,p,p,p,p,n,p,p,p,n,p,p,n,p,p,p,p,p
1289,p,p,n,p,n,p,p,p,p,p,p,p,p,p,p,n,p,p,p,p,p,p,p,p,p,p,p,p,p,p
1290,n,p,p,p,p,p,n,p,p,p,p,p,p,p,p,p,p,n,n,n,p,p,n,p,p,p,p,n,p,n
1291,n,p,p,n,p,p,p,p,n,p,p,p,p,p,p,p,p,p,p,p,p,n,n,n,p,n,n,n,p,p
1292,p,p,p,p,p,n,p,n,p,p,p,p,n,p,p,p,p,p,p,p,p,p,p,p,p,p,p,p,p,p
1293,p,p,p,p,p,p,n,p,n,p,p,p,p,p,p,n,p,p,n,p,p,p,p,p,n,n,p,p,p,p
1294,p,n,n,p,p,p,n,p,n,n,n,p,p,n,n,p,p,p,p,p,p,p,n,n,p,n,n,p,n,p
1295,n,p,n,p,n,p,p,n,n,p,n,p,n,p,p,p,p,p,p,p,n,p,p,n,p,p,p,p,p,n
1296,p,p,p,p,p,p,p,p,p,p,n,n,p,p,p,p,p,n,p,n,n,n,p,p,p,p,p,n,p,n
1297,p,p,p,p,p,p,p,p,p,p,p,p,p,p,p,p,p,p,p,p,p,p,p,p,p,p,p,p,p,p
1298,p,p,p,p,p,p,p,p,p,p,p,p,p,p,p,p,p,p,p,p,p,p,p,p,p,n,p,n,n,n
1299,p,p,p,n,p,p,p,p,p,p,p,n,p,p,n,p,p,p,n,p,n,p,p,n,n,p,p,n,n,p
1300,p,p,p,p,p,p,p,p,n,p,p,p,p,p,p,p,p,p,p,n,p,p,p,p,p,p,p,p,p,p
1301,n,n,n,p,p,p,p,p,p,p,p,p,p,n,p,p,p,p,n,n,p,p,n,p,p,n,n,n,p,n
1302,n,p,n,n,p,n,p,p,p,p,n,p,p,n,p,p,p,p,p,n,n,p,n,p,p,n,p,p,p,p
1303,p,p,n,p,p,p,p,n,n,p,p,p,p,n,p,p,n,p,p,n,p,n,p,n,n,p,p,n,p,p
1304,p,p,p,p,p,p,p,p,p,n,p,p,p,p,p,n,p,p,n,p,p,p,p,p,p,p,p,p,p,n
1305,p,p,p,p,p,p,p,p,p,p,p,p,p,p,p,n,p,p,p,p,p,p,p,p,p,p,p,p,p,p
1306,p,p,p,n,p,p,p,p,n,p,p,p,n,p,p,n,p,p,p,p,p,p,p,p,p,p,p,n,p,p
1307,p,n,n,p,p,n,n,n,p,p,n,p,n,p,p,p,p,p,p,n,p,p,p,n,p,n,n,p,n,n
1308,p,p,p,n,p,p,p,p,p,p,n,p,p,p,p,p,p,p,p,p,p,p,p,p,p,p,p,p,p,p
1309,p,p,p,p,p,p,p,p,p,p,p,p,p,p,p,p,p,n,p,p,p,p,p,p,p,p,p,p,p,p
1310,p,p,p,p,p,p,p,p,p,p,p,p,p,p,p,p,p,p,p,p,p,p,p,p,p,p,p,p,p,p
1311,p,p,n,p,p,p,p,p,n,n,p,p,p,p,n,n,n,p,p,p,p,p,n,p,p,p,n,p,p,p
1312,p,n,p,p,n,p,n,p,p,p,p,p,n,p,n,p,p,p,p,p,p,p,p,p,p,n,p,n,p,p
1313,p,p,p,p,p,p,p,p,p,p,p,p,n,p,p,p,n,p,p,p,n,n,p,p,p,p,p,p,p,p
1314,n,p,p,n,n,n,p,n,n,p,n,n,p,p,n,n,p,p,p,n,p,p,n,p,n,n,p,n,p,n
1315,p,p,p,p,p,n,n,p,n,p,p,p,p,p,p,n,p,n,p,p,p,p,p,n,p,n,n,p,n,p
1316,p,p,p,p,p,p,p,p,p,p,p,p,p,p,p,p,p,p,p,p,p,p,p,p,p,p,p,p,p,p
1317,p,p,p,p,p,p,p,p,n,p,p,p,p,p,p,p,p,p,p,p,p,n,p,p,p,p,p,p,p,p
1318,p,p,n,p,p,p,p,p,p,p,n,n,n,p,p,p,n,p,p,n,p,p,p,p,p,p,n,n,p,p
1319,p,p,p,p,n,p,p,p,p,p,p,p,p,p,p,p,p,p,p,p,p,p,p,p,p,p,p,p,p,p
1320,p,p,p,p,p,p,p,p,p,p,p,p,p,p,p,p,n,p,p,p,p,p,p,p,p,p,p,p,p,p
1321,p,n,p,p,p,p,p,n,p,p,p,p,p,p,p,p,p,p,n,p,p,p,p,n,p,p,p,n,p,n
1322,p,n,n,n,n,n,p,p,p,n,n,n,p,p,n,n,p,n,n,p,n,p,n,p,p,p,p,n,p,p
1323,p,n,p,p,p,p,p,n,p,n,p,n,p,n,n,n,p,p,p,n,p,p,p,p,n,n,n,p,p,p
1324,p,p,p,p,n,p,p,p,n,n,p,n,p,p,p,p,p,p,p,p,p,n,p,n,p,p,n,p,p,n
1325,p,p,p,p,p,p,p,p,p,p,p,p,p,n,n,p,p,p,p,p,p,p,p,p,p,p,p,n,p,p
1326,n,p,p,n,p,p,p,n,p,n,n,p,n,n,n,p,p,n,p,n,p,n,n,n,p,n,n,p,n,n
1327,p,p,p,p,p,p,p,p,p,p,p,n,p,p,n,p,p,p,p,n,p,p,p,p,p,p,p,p,p,n
1328,p,p,p,n,p,p,n,p,p,p,p,p,p,p,p,p,n,p,p,p,p,n,n,p,p,p,p,p,p,n
1329,n,p,n,p,p,p,p,p,p,n,n,n,p,n,p,p,p,p,n,p,p,n,p,p,n,p,n,n,p,p
1330,p,p,p,p,p,n,p,n,n,p,p,p,p,p,p,n,p,p,p,p,n,n,p,p,n,n,n,p,n,p
1331,p,p,p,p,p,p,p,p,p,p,p,p,p,p,p,p,p,p,p,p,p,p,p,p,p,p,p,p,p,p
1332,p,p,p,p,n,p,p,p,p,p,p,p,p,n,n,p,p,p,n,p,n,p,p,p,p,p,p,p,n,p
1333,p,p,p,p,p,p,p,p,p,p,p,p,p,n,p,p,p,p,n,p,p,p,p,p,p,p,p,p,p,p
1334,p,p,p,p,n,p,p,n,p,p,p,p,n,n,p,p,p,p,n,n,n,n,n,p,n,p,p,p,p,n
1335,n,n,p,p,p,p,p,p,p,p,p,n,n,p,n,p,p,p,p,p,p,n,n,n,p,p,p,n,p,p
1336,p,p,p,p,p,p,p,p,n,p,p,p,p,p,n,n,p,p,p,p,n,p,n,n,p,p,n,n,p,p
1337,p,p,p,p,n,p,n,n,n,p,p,p,n,p,p,p,n,n,n,p,n,p,p,p,p,p,p,p,p,p
1338,p,n,p,p,p,p,p,n,p,n,p,p,p,p,p,n,p,p,p,p,p,p,p,n,p,p,n,n,p,n
1339,p,p,p,p,n,p,p,p,p,p,p,p,n,p,p,p,p,p,p,p,p,p,p,p,p,p,n,p,n,p
1340,n,n,n,n,p,p,n,n,p,p,p,n,n,n,p,n,n,p,n,n,p,n,p,p,n,n,p,p,p,n
1341,n,p,p,n,n,n,p,p,p,p,p,p,p,p,p,n,p,n,p,p,n,n,p,p,p,n,n,p,p,n
1342,p,p,p,p,p,p,p,p,p,p,p,p,p,p,p,n,p,n,p,p,p,n,p,p,p,p,p,p,p,p
1343,n,p,n,n,p,n,p,n,n,n,n,n,p,n,n,p,n,n,n,n,p,n,n,n,n,n,p,n,n,n
1344,n,p,p,p,p,p,p,p,p,p,p,p,p,p,p,p,p,n,n,p,n,n,p,p,p,p,n,p,n,n
1345,n,p,p,p,p,p,n,p,p,p,p,p,p,p,p,p,p,p,p,p,n,p,p,p,p,p,p,p,p,p
1346,p,p,p,p,p,p,p,p,p,n,p,p,p,p,n,p,p,p,p,n,p,p,p,p,p,p,p,p,n,p
1347,p,p,p,p,p,n,p,p,p,p,p,p,n,p,p,p,n,n,p,p,p,p,n,p,p,p,p,n,p,p
1348,p,p,p,n,n,p,p,p,p,p,p,p,n,p,n,p,p,p,n,p,p,n,p,n,p,p,p,n,p,p
1349,n,n,p,p,p,n,p,n,p,p,p,p,p,p,p,p,p,p,p,p,p,p,p,p,n,p,p,p,n,p
1350,n,p,n,p,p,n,p,p,p,p,p,p,p,p,p,p,n,p,p,n,p,p,p,p,p,p,p,p,p,n
1351,p,p,p,p,p,p,n,n,n,n,n,n,p,p,p,p,p,n,p,n,p,n,p,n,n,n,p,p,p,p
1352,p,p,p,n,n,n,p,p,n,n,p,n,n,p,n,n,p,n,n,n,n,n,p,n,n,p,n,n,n,n
1353,p,p,p,p,p,p,n,p,p,p,p,p,p,n,p,p,p,n,p,p,p,p,p,n,p,p,p,p,p,p
1354,p,n,p,p,p,p,p,n,p,p,p,p,p,p,p,p,n,p,p,p,p,n,p,p,n,p,p,p,p,n
1355,p,n,p,p,p,p,n,n,p,p,p,n,p,n,p,p,n,p,p,n,n,p,p,n,n,p,p,n,p,p
1356,p,p,p,p,p,n,p,p,p,p,p,p,p,p,p,p,p,p,p,p,p,p,p,p,p,p,n,p,p,p
1357,p,p,p,p,p,p,p,p,p,p,p,p,n,p,p,p,p,n,p,p,p,p,n,p,p,p,p,p,p,p
1358,p,n,p,n,p,p,p,p,n,p,p,p,p,p,p,p,n,p,p,p,p,p,n,p,n,n,p,p,n,n
1359,p,p,n,p,p,p,p,p,p,n,p,n,p,p,p,p,p,p,p,p,p,p,p,p,p,p,p,p,p,p
1360,p,p,p,p,p,p,p,p,p,p,p,p,p,p,p,n,p,n,p,p,p,p,p,p,p,n,p,p,p,p
1361,p,p,p,p,n,p,p,p,p,p,p,p,p,p,n,p,p,p,p,p,p,p,p,p,p,p,p,p,p,p
1362,n,p,n,p,n,p,p,p,p,p,p,p,p,p,p,p,p,p,p,p,p,p,p,p,p,n,p,p,p,p
1363,n,p,p,p,n,n,n,p,p,p,p,p,p,p,p,p,n,p,p,p,p,p,p,p,p,p,p,p,p,p
1364,p,n,p,n,p,n,p,p,p,n,p,n,p,p,p,p,p,p,p,p,p,p,p,p,p,p,p,p,p,p
1365,p,n,p,n,p,p,n,p,p,p,n,p,p,p,p,p,p,p,p,n,p,p,p,p,p,n,p,n,p,n
1366,p,n,p,n,p,p,p,p,p,p,p,p,n,p,p,p,n,n,n,p,p,p,p,p,p,p,p,p,p,p
1367,p,n,p,p,p,p,p,p,p,p,p,p,n,n,p,p,p,p,n,p,p,n,n,p,p,p,p,p,p,p
1368,p,p,p,p,p,p,p,p,p,n,p,n,p,p,p,p,n,p,p,p,n,p,p,p,n,p,p,n,p,p
1369,n,n,n,p,p,p,p,p,p,p,p,n,p,p,p,n,p,p,p,p,p,p,n,p,n,p,p,n,n,p
1370,n,n,p,p,p,p,p,p,p,p,p,p,p,p,p,p,n,p,p,p,p,n,p,p,p,n,p,p,n,p
1371,p,p,n,p,p,p,n,p,n,n,p,p,p,p,p,p,p,n,n,p,p,n,p,n,p,p,n,n,n,p
1372,p,p,p,p,n,p,p,p,p,p,p,p,p,p,p,p,p,p,p,n,p,p,p,p,p,p,p,p,p,p
1373,p,p,p,p,p,p,p,p,p,n,p,p,p,p,p,p,p,p,p,p,p,p,p,n,p,p,p,p,p,p
1374,p,n,p,p,p,p,p,p,n,p,n,n,n,p,p,p,p,p,p,p,p,p,n,p,p,n,p,p,p,p
1375,p,p,p,p,p,n,p,p,p,p,p,p,p,p,p,p,p,p,p,p,p,p,p,p,p,p,p,n,p,p
1376,p,p,p,p,p,p,n,p,p,p,p,p,n,p,p,p,n,p,p,p,p,p,n,p,p,n,p,p,p,p
